-- phpMyAdmin SQL Dump
-- version 4.8.5
-- https://www.phpmyadmin.net/
--
-- Host: 127.0.0.1
-- Generation Time: Jul 26, 2020 at 04:29 AM
-- Server version: 10.1.31-MariaDB
-- PHP Version: 7.2.3

SET SQL_MODE = "NO_AUTO_VALUE_ON_ZERO";
SET AUTOCOMMIT = 0;
START TRANSACTION;
SET time_zone = "+00:00";


/*!40101 SET @OLD_CHARACTER_SET_CLIENT=@@CHARACTER_SET_CLIENT */;
/*!40101 SET @OLD_CHARACTER_SET_RESULTS=@@CHARACTER_SET_RESULTS */;
/*!40101 SET @OLD_COLLATION_CONNECTION=@@COLLATION_CONNECTION */;
/*!40101 SET NAMES utf8mb4 */;

--
-- Database: `cng_pre_final`
--

-- --------------------------------------------------------

--
-- Table structure for table `categories`
--

CREATE TABLE `categories` (
  `id` bigint(20) UNSIGNED NOT NULL,
  `category_name` varchar(120) COLLATE utf8_unicode_ci NOT NULL,
  `created_at` timestamp NULL DEFAULT NULL,
  `updated_at` timestamp NULL DEFAULT NULL
) ENGINE=InnoDB DEFAULT CHARSET=utf8 COLLATE=utf8_unicode_ci;

--
-- Dumping data for table `categories`
--

INSERT INTO `categories` (`id`, `category_name`, `created_at`, `updated_at`) VALUES
(2, 'Nuts', '2020-05-20 04:26:46', '2020-05-20 04:26:46'),
(3, 'BEARINGS', '2020-05-20 04:36:52', '2020-05-20 04:36:52'),
(4, 'ARMATURE', '2020-05-23 20:45:46', '2020-05-23 20:45:46'),
(5, 'HEAD', '2020-05-23 22:21:22', '2020-05-23 22:21:22'),
(6, 'CARBURATOR PISTON', '2020-05-23 22:26:05', '2020-05-23 22:26:05'),
(7, 'BOKET', '2020-05-23 22:41:53', '2020-05-23 22:41:53'),
(8, 'AUTO ADJUST', '2020-05-23 22:51:02', '2020-05-23 22:51:02'),
(9, 'AUTO SPRING', '2020-05-23 23:06:24', '2020-05-23 23:06:24'),
(10, 'Light', '2020-05-23 23:18:12', '2020-05-23 23:18:12'),
(11, 'OUT COIL', '2020-05-23 23:24:10', '2020-05-23 23:24:10'),
(12, 'PLUG CAP', '2020-05-23 23:33:12', '2020-05-23 23:33:12'),
(13, 'FLSAR', '2020-06-10 07:44:00', '2020-06-10 07:44:00'),
(14, 'HALF-SELL', '2020-06-10 22:00:41', '2020-06-10 22:00:41'),
(15, 'HALFSELL MUNDU', '2020-06-10 22:07:14', '2020-06-10 22:07:14'),
(16, 'PLUG', '2020-06-10 22:11:49', '2020-06-10 22:11:49'),
(17, 'MITER', '2020-06-10 22:32:10', '2020-06-10 22:32:10'),
(18, 'CAKA', '2020-06-10 23:33:56', '2020-06-10 23:33:56'),
(19, 'MOBIL INCHI', '2020-06-10 23:50:34', '2020-06-10 23:50:34'),
(20, 'SPRING', '2020-06-10 23:59:44', '2020-06-10 23:59:44'),
(21, 'SOKET JUMPER', '2020-06-11 06:37:38', '2020-06-11 06:37:38'),
(22, 'C.D.I', '2020-06-11 08:35:44', '2020-06-11 08:35:44'),
(23, 'KARBON', '2020-06-11 08:42:21', '2020-06-11 08:42:21'),
(24, 'KARBON BRUSH', '2020-06-11 08:59:41', '2020-06-11 08:59:41'),
(25, 'BREAK SHU', '2020-06-11 09:03:10', '2020-06-11 09:03:10'),
(26, 'VALVE KIT', '2020-06-11 09:11:12', '2020-06-11 09:11:12'),
(27, 'HALF CLASS', '2020-06-11 09:18:13', '2020-06-11 09:18:13'),
(28, 'FULL CLASS', '2020-06-11 09:26:50', '2020-06-11 09:29:07'),
(29, 'BUSH', '2020-06-13 21:36:52', '2020-06-13 21:36:52'),
(30, 'ROLAR SPANDAL', '2020-06-13 21:50:01', '2020-06-13 21:50:01'),
(31, 'FLANGE CAP', '2020-06-13 21:56:32', '2020-06-13 21:56:32'),
(32, 'OIL CLEANER', '2020-06-13 22:04:40', '2020-06-13 22:04:40'),
(33, 'HEAD LIGHT GLASS', '2020-06-13 22:09:44', '2020-06-13 22:09:44'),
(34, 'PISTON', '2020-06-14 07:28:23', '2020-06-14 07:28:23'),
(35, 'PISTON RING', '2020-06-14 07:39:21', '2020-06-14 07:39:21'),
(36, 'WHILE CYLINDAR', '2020-06-14 21:17:58', '2020-06-14 21:17:58'),
(37, 'TAR', '2020-06-14 21:27:20', '2020-06-14 21:27:20'),
(38, 'CABLE', '2020-06-14 21:42:50', '2020-06-14 21:42:50'),
(39, 'XL', '2020-06-14 21:56:07', '2020-06-14 21:56:07'),
(40, 'GASER RAISER BATI', '2020-06-15 09:22:43', '2020-06-15 09:22:43'),
(41, 'BREAK PADAL', '2020-06-15 21:37:06', '2020-06-15 21:37:06'),
(42, 'NEWTALL SWITCH', '2020-06-15 21:41:13', '2020-06-15 21:54:19'),
(43, 'SWITCH', '2020-06-15 21:51:25', '2020-06-15 21:53:59'),
(44, 'CHAIN GUIDE', '2020-06-16 01:00:35', '2020-06-16 01:00:35'),
(45, 'CLASS LIVER', '2020-06-16 01:05:59', '2020-06-16 01:05:59'),
(46, 'PICK UP COIL', '2020-06-16 01:10:07', '2020-06-16 01:10:07'),
(47, 'ENGINE INCHI', '2020-06-16 01:17:14', '2020-06-16 01:17:14'),
(48, 'OIL-SELL', '2020-06-16 01:19:36', '2020-06-16 01:19:36'),
(49, 'PACKING', '2020-06-17 06:12:43', '2020-06-17 06:12:43'),
(50, 'GAS KIT', '2020-06-17 06:42:31', '2020-06-17 06:42:31'),
(51, 'MAGNET COIL', '2020-06-17 06:49:24', '2020-06-17 06:49:24'),
(52, 'MAGNET COMPLETE', '2020-06-17 06:55:33', '2020-06-17 06:55:33'),
(53, 'MAGNET PHINIUM', '2020-06-17 21:36:44', '2020-06-17 21:36:44'),
(54, 'PHINIUM', '2020-06-17 21:43:50', '2020-06-17 21:43:50'),
(55, 'TAPE', '2020-06-17 23:38:44', '2020-06-17 23:38:44'),
(56, 'AIR FILTER', '2020-06-18 21:22:09', '2020-06-18 21:22:09'),
(57, 'CYLINDER', '2020-06-18 21:25:03', '2020-06-18 21:25:03'),
(58, 'BREAK OIL', '2020-06-18 21:30:38', '2020-06-18 21:30:38'),
(59, 'MONDIR', '2020-06-18 22:32:13', '2020-06-18 22:32:13'),
(60, 'OIL CARBURATOR', '2020-06-18 22:36:48', '2020-06-18 22:36:48'),
(61, 'XL-STICK', '2020-06-18 22:54:06', '2020-06-18 22:54:06'),
(62, 'CYAM', '2020-06-19 06:03:56', '2020-06-19 06:03:56'),
(63, 'RACER SET', '2020-06-19 06:12:04', '2020-06-19 06:12:04'),
(64, 'CLASS PLATE', '2020-06-19 06:22:44', '2020-06-19 06:22:44'),
(65, 'CHURI BOLL MALA', '2020-06-19 06:28:50', '2020-06-19 06:28:50'),
(66, 'CAKAR DRUM', '2020-06-19 21:07:23', '2020-06-19 21:07:23'),
(67, 'GAS DIAPHRAGM', '2020-06-19 21:14:01', '2020-06-19 21:14:01'),
(68, 'GASER CHAMOS', '2020-06-19 21:29:54', '2020-06-19 21:29:54'),
(69, 'OIL/MOBIL', '2020-06-19 21:35:29', '2020-06-19 21:35:29'),
(70, 'BUT RABAR', '2020-06-19 21:46:23', '2020-06-19 21:46:23'),
(71, 'CHAKAR RING', '2020-06-19 21:54:23', '2020-06-19 21:54:23'),
(72, 'TUBE', '2020-06-20 01:32:01', '2020-06-20 01:32:01'),
(73, 'FAN', '2020-06-20 01:35:32', '2020-06-20 01:35:32'),
(74, 'R R UNITE', '2020-06-20 05:51:04', '2020-06-20 05:51:04'),
(75, 'DAIS PLATE KHUTI', '2020-06-20 06:00:54', '2020-06-20 06:00:54'),
(76, 'FALSE PLATE', '2020-06-20 06:20:08', '2020-06-20 06:20:08'),
(77, 'FIVER', '2020-06-20 06:24:31', '2020-06-20 06:24:31'),
(78, 'HORN', '2020-06-20 06:29:39', '2020-06-20 06:29:39'),
(79, 'HORSE PAIP', '2020-06-20 06:38:25', '2020-06-20 06:38:25'),
(80, 'ROKAR', '2020-06-20 08:08:44', '2020-06-20 08:08:44'),
(81, 'SUPER GLUE', '2020-06-20 08:18:18', '2020-06-20 08:18:18'),
(82, 'MAGNET', '2020-06-20 08:20:08', '2020-06-20 08:20:08'),
(83, 'CLASS BATI', '2020-06-20 08:26:50', '2020-06-20 08:26:50'),
(84, 'FUSES', '2020-06-20 08:30:43', '2020-06-20 08:30:43'),
(85, 'GASER KOLKI', '2020-06-20 21:26:14', '2020-06-20 21:26:14'),
(86, 'CHAIN', '2020-06-20 22:50:35', '2020-06-20 22:50:35'),
(87, 'LEQUITE GUM', '2020-06-21 00:32:09', '2020-06-21 00:32:09'),
(88, 'LIVER', '2020-06-21 00:39:48', '2020-06-21 00:39:48'),
(89, 'HEAD STICK', '2020-06-22 00:41:53', '2020-06-22 00:41:53'),
(90, 'ROKAR PIN', '2020-06-22 06:43:36', '2020-06-22 06:43:36'),
(91, 'CHAIN ADJUST', '2020-06-23 06:28:42', '2020-06-23 06:28:42'),
(92, 'GREASE', '2020-06-23 06:39:21', '2020-06-23 06:39:21'),
(93, 'OYASAR', '2020-06-23 06:43:47', '2020-06-23 06:43:47'),
(94, 'CHAIN JAR', '2020-06-23 06:46:43', '2020-06-23 06:46:43'),
(95, 'GEAR SELECTOR', '2020-06-23 07:29:14', '2020-06-23 07:29:14'),
(96, 'KOVER', '2020-06-23 07:46:20', '2020-06-23 07:46:20'),
(97, 'BREAK PAIP', '2020-06-23 07:51:26', '2020-06-23 07:51:26'),
(98, 'CLASS NEPIL', '2020-06-23 23:23:27', '2020-06-23 23:23:27'),
(99, 'HATA', '2020-06-23 23:28:41', '2020-06-23 23:28:41'),
(100, 'MARGATE RABAR', '2020-06-23 23:36:10', '2020-06-23 23:36:10'),
(101, 'Test', '2020-07-24 20:57:17', '2020-07-24 20:57:17'),
(102, 'test', '2020-07-25 20:04:06', '2020-07-25 20:04:06');

-- --------------------------------------------------------

--
-- Table structure for table `customer_details`
--

CREATE TABLE `customer_details` (
  `id` bigint(20) UNSIGNED NOT NULL,
  `customer_name` varchar(200) COLLATE utf8_unicode_ci NOT NULL,
  `customer_email` varchar(200) COLLATE utf8_unicode_ci NOT NULL,
  `customer_address` varchar(500) COLLATE utf8_unicode_ci NOT NULL,
  `customer_contact1` text COLLATE utf8_unicode_ci,
  `customer_contact2` bigint(20) DEFAULT NULL,
  `balance` double UNSIGNED NOT NULL DEFAULT '0',
  `due` double UNSIGNED NOT NULL DEFAULT '0',
  `created_at` timestamp NULL DEFAULT NULL,
  `updated_at` timestamp NULL DEFAULT NULL,
  `deleted_at` timestamp NULL DEFAULT NULL
) ENGINE=InnoDB DEFAULT CHARSET=utf8 COLLATE=utf8_unicode_ci;

--
-- Dumping data for table `customer_details`
--

INSERT INTO `customer_details` (`id`, `customer_name`, `customer_email`, `customer_address`, `customer_contact1`, `customer_contact2`, `balance`, `due`, `created_at`, `updated_at`, `deleted_at`) VALUES
(1, 'CNG', 'bipo@almazi.com', '123 Gulshan Road', '01672228955', 1778669977, 0, 7730, '2020-06-25 04:27:50', '2020-07-24 12:19:48', NULL),
(5, 'BADOL BABU', 'SASbipo@almazi.com', 'bbb', '01921398006', 1778669977, 0, 0, '2020-07-07 08:28:19', '2020-07-25 20:26:27', NULL),
(6, 'vbn', 'bipo@almazi.com', 'dff\r\n\r\n\r\nhhh', '01672228955', 1778669977, 0, 0, '2020-07-07 08:29:35', '2020-07-25 11:48:32', NULL);

-- --------------------------------------------------------

--
-- Table structure for table `damages`
--

CREATE TABLE `damages` (
  `id` bigint(20) UNSIGNED NOT NULL,
  `amount` decimal(8,2) DEFAULT NULL,
  `due_amount` decimal(8,2) DEFAULT '0.00',
  `status` varchar(255) COLLATE utf8_unicode_ci DEFAULT NULL,
  `driver_id` bigint(20) DEFAULT NULL,
  `rent_id` bigint(20) DEFAULT NULL,
  `vehicle_id` bigint(20) DEFAULT NULL,
  `created_at` timestamp NULL DEFAULT NULL,
  `updated_at` timestamp NULL DEFAULT NULL,
  `partial_payment` tinyint(1) DEFAULT '0',
  `partial_payment_amount` decimal(8,2) DEFAULT '0.00',
  `details` varchar(255) COLLATE utf8_unicode_ci DEFAULT NULL,
  `owner_amount` decimal(8,2) DEFAULT '0.00',
  `driver_due_amount` decimal(8,2) DEFAULT '0.00',
  `driver_paid_amount` decimal(8,2) DEFAULT '0.00'
) ENGINE=InnoDB DEFAULT CHARSET=utf8 COLLATE=utf8_unicode_ci;

--
-- Dumping data for table `damages`
--

INSERT INTO `damages` (`id`, `amount`, `due_amount`, `status`, `driver_id`, `rent_id`, `vehicle_id`, `created_at`, `updated_at`, `partial_payment`, `partial_payment_amount`, `details`, `owner_amount`, `driver_due_amount`, `driver_paid_amount`) VALUES
(10, '2000.00', '2000.00', 'notPaid', 19, 17, 40, '2020-07-23 10:37:32', '2020-07-23 10:37:32', 0, '0.00', 'Broken Tail Light', '0.00', '2000.00', '0.00'),
(11, '5000.00', '5000.00', 'notPaid', 20, 20, 6, '2020-07-23 12:19:07', '2020-07-23 12:19:07', 0, '0.00', 'Side Door', '0.00', '5000.00', '0.00'),
(12, '2300.00', '2300.00', 'parPaid', 17, 26, 4, '2020-07-25 17:28:44', '2020-07-25 19:48:03', 0, '0.00', 'Broken Tail Light', '0.00', '2000.00', '300.00');

-- --------------------------------------------------------

--
-- Table structure for table `drivers`
--

CREATE TABLE `drivers` (
  `id` bigint(20) UNSIGNED NOT NULL,
  `user_id` bigint(20) NOT NULL,
  `phone_number` varchar(255) COLLATE utf8_unicode_ci NOT NULL,
  `license_number` varchar(255) COLLATE utf8_unicode_ci NOT NULL,
  `license_validity` date NOT NULL,
  `created_at` timestamp NULL DEFAULT NULL,
  `updated_at` timestamp NULL DEFAULT NULL,
  `address` varchar(255) COLLATE utf8_unicode_ci DEFAULT NULL,
  `ref_name` varchar(255) COLLATE utf8_unicode_ci DEFAULT NULL,
  `ref_phone` varchar(255) COLLATE utf8_unicode_ci DEFAULT NULL,
  `rent_status` tinyint(1) DEFAULT '0',
  `active_status` tinyint(1) DEFAULT '0'
) ENGINE=InnoDB DEFAULT CHARSET=utf8 COLLATE=utf8_unicode_ci;

--
-- Dumping data for table `drivers`
--

INSERT INTO `drivers` (`id`, `user_id`, `phone_number`, `license_number`, `license_validity`, `created_at`, `updated_at`, `address`, `ref_name`, `ref_phone`, `rent_status`, `active_status`) VALUES
(16, 29, '01234567890', '0000000000000001', '2027-03-17', '2020-03-14 04:57:04', '2020-03-14 04:57:04', NULL, NULL, NULL, 0, 0),
(17, 30, '01821263137-01997432371', 'DK0919854TL0007', '2024-02-04', '2020-03-14 05:18:41', '2020-07-25 17:28:44', NULL, NULL, NULL, 0, 0),
(18, 31, '01993058805', 'DK0969156TL0001', '2024-03-11', '2020-03-14 05:34:51', '2020-03-14 05:34:51', NULL, NULL, NULL, 0, 0),
(19, 32, '01305611174-01401903545', 'DK0021740L00006', '2024-12-28', '2020-03-14 05:46:09', '2020-07-23 10:37:32', NULL, NULL, NULL, 0, 0),
(20, 33, '01648390833-01921912340', 'DK0453538T00002', '2021-03-21', '2020-03-14 07:04:06', '2020-07-23 12:19:07', NULL, NULL, NULL, 0, 0),
(21, 34, '01875588556/01929399487', 'DK0937300L00008', '2023-11-29', '2020-03-14 07:43:19', '2020-03-14 07:43:19', NULL, NULL, NULL, 0, 0),
(22, 35, '01966194269', 'CG0156802T00001', '2023-01-17', '2020-03-15 06:51:24', '2020-03-15 06:51:24', NULL, NULL, NULL, 0, 0),
(23, 36, '01793369331-01730650032', 'TN0015551T00004', '2021-04-02', '2020-03-15 07:08:02', '2020-03-15 07:08:02', NULL, NULL, NULL, 0, 0),
(24, 37, '01793369331-01730650032', 'TN0015551T00004', '2021-04-02', '2020-03-15 07:12:28', '2020-03-15 07:12:28', NULL, NULL, NULL, 0, 0),
(25, 38, '01728675133-01309210809', 'DK0300156TL0001', '2020-03-15', '2020-03-15 07:20:54', '2020-03-15 07:20:54', NULL, NULL, NULL, 0, 0),
(26, 39, '01947803137-01996516232', 'DS1827370T00001', '2024-03-15', '2020-03-15 07:31:57', '2020-07-22 15:18:21', NULL, NULL, NULL, 0, 0),
(27, 40, '01704892929-01799159438', 'TN0015960T00004', '2021-05-01', '2020-03-15 07:42:47', '2020-03-15 07:42:47', NULL, NULL, NULL, 0, 0),
(28, 41, '01957900816', '19803916128000008', '2021-03-15', '2020-03-15 08:15:21', '2020-03-15 08:15:21', NULL, NULL, NULL, 0, 0),
(29, 42, '01964310846', 'GB0001242L00001', '2020-03-15', '2020-03-15 08:56:47', '2020-03-15 08:56:47', NULL, NULL, NULL, 0, 0),
(30, 43, '01879693260', 'DK0723349T00006', '2020-03-15', '2020-03-15 09:13:47', '2020-03-15 09:13:47', NULL, NULL, NULL, 0, 0),
(31, 44, '01879693260', 'DK0723349T00006', '2023-03-14', '2020-03-15 09:14:56', '2020-03-15 09:14:56', NULL, NULL, NULL, 0, 0),
(32, 45, '01993058805', 'DK0919854TL0007', '2020-03-16', '2020-03-16 06:24:47', '2020-03-16 06:24:47', 'Address', 'Reference', '55555', 0, 0),
(33, 46, '01631801189', 'DK0158377', '2020-03-16', '2020-03-16 06:56:03', '2020-03-16 06:56:03', 'JALOKATHI', 'SHAFIQUL', '01723230885, 01969164139', 0, 0),
(34, 47, '01705302830, 019408160661-BASAR-01778495209', 'TN00032116TL0005', '2023-07-11', '2020-03-16 10:35:15', '2020-03-16 10:35:15', 'MURADPUR, GHARJAN, CHAUHALI, SIRAJGANJ', 'EMDADUL, HASEM,', '01723381357', 0, 0),
(35, 48, '01796599290', 'BG0012082L00003', '2020-05-09', '2020-03-16 22:27:15', '2020-03-16 22:27:15', 'PALIKANDA, SHIBGANJ, BOGRA', NULL, NULL, 0, 0),
(36, 49, '01772477107, 01749687413', 'DK0217626', '2020-03-15', '2020-03-16 22:38:34', '2020-03-16 22:38:34', 'RUPGONJ, NARAYANGANJ', 'মোঃবাদল', '01867468106', 0, 0),
(37, 50, '01706287174', 'TN0033315TL0009', '2023-10-29', '2020-03-16 22:47:47', '2020-03-16 22:47:47', 'NAGARPUR, TANGAIL', 'EMDADUL, HASEM,', '01723381357', 0, 0),
(38, 51, '01735331995', 'DK0677882T00006', '2022-11-27', '2020-03-16 23:23:53', '2020-03-16 23:23:53', 'FULCHHARI, GAIBANDHA', 'মোঃবাদল', '01867468106', 0, 0),
(39, 52, '01929550487', 'DK0288741TL0005', '2024-05-30', '2020-03-16 23:35:46', '2020-03-16 23:35:46', 'SHIMNGIR, MEGHNA, COMILLA', NULL, NULL, 0, 0),
(40, 53, '01736106955', 'DK0127780T00007', '2023-01-17', '2020-03-16 23:50:02', '2020-03-16 23:50:02', 'HOSSAINPUR. KISHOREGONJ', NULL, 'বাসার-01746064787', 0, 0),
(41, 54, '01931902781', 'DK0680441TL0004', '2022-11-21', '2020-03-17 00:02:04', '2020-03-17 00:02:04', 'SHERPUR SADAR, SHERPUR', 'ANSAR', '01750969929', 0, 0),
(42, 55, '01944243395', 'JS0067170L00007', '2024-02-04', '2020-03-18 22:40:50', '2020-03-18 22:40:50', 'SOTO MEGHLA ,JESSORE SADAR, JESSORE', 'MD.AJIBUR RAHMAN', '01903177042', 0, 0),
(43, 56, '01983482378', 'DK0599586TL0003', '2022-04-04', '2020-03-18 22:47:54', '2020-03-18 22:47:54', 'PANCHBIBI, JOYPURHAT', NULL, NULL, 0, 0),
(44, 57, '01874026998, 01832655605', 'DK0254836M', '2022-11-27', '2020-03-18 23:01:10', '2020-03-18 23:01:10', 'CHATMAHOR, PABNA', 'VAI-SHOFIQUL', '01782052664, 01300563828', 0, 0),
(45, 58, '01937648719', 'DK0616281TL007', '2022-08-07', '2020-03-18 23:12:49', '2020-03-18 23:12:49', 'HOSSAINPUR,  KISOREGONG', 'AL-AMIN GAIBANDA', '01939348053', 0, 0),
(46, 59, '01866519622', 'DK0430248TL00008', '2020-11-24', '2020-03-20 23:17:10', '2020-03-20 23:17:10', 'NAKLA, SHERPUR', NULL, NULL, 0, 0),
(47, 60, '01922911956', 'DK0371930T00009', '2020-04-06', '2020-03-20 23:24:12', '2020-03-20 23:24:12', 'GULSHAN, DHAKA', NULL, NULL, 0, 0),
(48, 61, '01910506822', 'GP0024952L00004', '2019-12-27', '2020-03-21 09:54:59', '2020-07-19 18:59:45', NULL, 'MD. MORSHED ALOM', '01844940917', 0, 0),
(49, 62, '01950080535', 'JR0010871TL0005', '2023-03-27', '2020-03-21 22:18:30', '2020-03-21 22:18:30', 'SHERPUR SADAR, SHERPUR', 'জলিল-', '01928722809', 0, 0),
(50, 63, '01760102721', 'DK0816592TL0006', '2023-07-19', '2020-03-21 23:19:41', '2020-03-21 23:19:41', 'PIROJPUR, BARISHAL', 'MD. ALTAF', '01633343978-01982592433', 0, 0),
(51, 64, '01980337936', 'DK0779636TL0003', '2023-08-15', '2020-03-21 23:27:29', '2020-03-21 23:27:29', 'JHENAIDAH', NULL, NULL, 0, 0),
(52, 65, '01834811822', 'DK0858515L00000', '2023-11-28', '2020-03-23 21:55:10', '2020-03-23 21:55:10', 'HOMNA,COMILLA', 'MD.MOCHLEM UDDIN', '০১৯২৪৫৮৩৯৮৭', 0, 0),
(53, 66, '01752391892, 01316939632', '7762218225', '2020-03-16', '2020-03-23 22:06:48', '2020-03-23 22:06:48', 'FULPUR MYMANSINGH', 'MD.SHOFIQUL', '01723230885', 0, 0),
(54, 67, '01714647964', 'TN0007629TL0002', '2019-08-18', '2020-03-23 22:16:09', '2020-03-23 22:16:09', 'NAGARPUR,TANGAIL', 'MD. HASEM', '01837315473', 0, 0),
(55, 68, '01939835437', 'DK0070572T00003', '2023-07-18', '2020-03-23 22:26:00', '2020-03-23 22:26:00', 'MADHAPUR, TANGAIL', 'MD.ANSHAR', '01750969929', 0, 0),
(56, 69, '01778486494', 'DK0478025L00006', '2021-06-18', '2020-03-23 22:34:08', '2020-03-23 22:34:08', 'NOYAPARA, MYMENSINGH', NULL, '01743073635', 0, 0),
(57, 70, '01724610452', 'DK0630637T00003', '2022-10-04', '2020-03-23 22:51:31', '2020-03-23 22:51:31', 'DAULATPUR, MANIKGANJ', 'ছেলে', '01991280305', 0, 0),
(58, 71, '01861331723, 01736289020, 01919792716', 'DK0722694TL0004', '2023-02-07', '2020-03-23 23:00:56', '2020-03-23 23:00:56', 'MELANDDAHA, JAMALPUR', 'ABDUR RAHIM', '01878739094', 0, 0),
(59, 72, '01685392559, 01730491792', 'DK0347858TL0006', '2020-01-11', '2020-03-23 23:14:13', '2020-03-23 23:14:13', 'LOHAGARA, NARAIL', 'MD. SALAM', '01996069395', 0, 0),
(60, 73, '01767619720', 'JP0005584TL0002', '2021-01-12', '2020-03-26 09:53:28', '2020-03-26 09:53:28', 'ISLAMPUR, JAMALPUR', 'YOUNUS ALI', '01931902781', 0, 0),
(61, 74, '01921123365', 'DK0300156TL0001', '2023-02-01', '2020-03-26 10:03:13', '2020-03-26 10:03:13', 'GOWRIPUR, MYMENSINGH', 'MD. ANOWAR', '01920731387', 0, 0),
(62, 75, '01995167261, 01922347775', 'DK0336434L00005', '2019-11-09', '2020-03-26 10:08:57', '2020-03-26 10:08:57', 'SHERPUR SADAR, SHERPUR', 'YOUNS', '01931902781', 0, 0),
(63, 76, '01760060297', 'DK0331456TL0007', '2019-11-02', '2020-03-26 10:13:31', '2020-03-26 10:13:31', 'TALTOLI, BARGUNA', NULL, NULL, 0, 0),
(64, 77, '01957971713, 01880414717 BASAR-01880414716', 'DK0175817T00003', '2023-03-28', '2020-03-26 10:18:42', '2020-03-26 10:18:42', 'NALITABARI, SHERPUR', 'ABUL BASAR', '01982921001', 0, 0),
(65, 78, '01725427117, 01713560470, BABA-01777956788', 'DK0893403TL0004', '2024-01-19', '2020-03-26 10:28:03', '2020-03-26 10:28:03', 'FULPUR, MYMENSINGH', 'MOSTOFA', '01713560470', 0, 0),
(66, 79, '01967964596, 01930635146', 'DK0358000TL0001', '2020-03-22', '2020-03-26 10:33:28', '2020-03-26 10:33:28', 'NANDAIL, MYMENSINGH', 'MD. KAMAL UDDIN', '01930635146', 0, 0),
(67, 80, '01713719025,01973719025 BASAR-01751933024', 'DK0260662TL0001', '2018-11-18', '2020-03-26 10:40:25', '2020-03-26 10:40:25', 'KERANIGONJ DHAKA', 'HOSSEN', '01753738832', 0, 0),
(68, 81, '01982921001, 01733551538', 'KJ0003181L00009', '2019-08-21', '2020-03-26 21:54:08', '2020-03-26 21:54:08', 'KARIMGANJ. KISHOREGONJ', 'SHAIFUL', '01957971713', 0, 0),
(69, 82, '01953210076, 01728419552. 01980599469', 'DK0358835L00002', '2019-12-28', '2020-03-26 21:59:48', '2020-03-26 21:59:48', 'NAKLA , SHERPUR', 'SHAIFUL', '01957971713', 0, 0),
(70, 83, '01998796373, 01760692928', 'CG0158735T00008', '2023-02-12', '2020-03-26 22:18:42', '2020-03-26 22:18:42', 'DAWLAT KHAN, BHOLA', 'MOSLEM', '01924583987', 0, 0),
(71, 84, '01772422154, 01799278099', 'DK0386825T00002', '2020-07-04', '2020-03-26 22:23:39', '2020-03-26 22:23:39', 'FULCHHARI, GAIBANDHA', 'MD. AYAN ALI', '01718956340', 0, 0),
(72, 85, '01672387157, 01677071015', 'DDS46413', '2022-11-27', '2020-03-26 22:27:59', '2020-03-26 22:27:59', 'GOPALGONJ', 'MUKTO MOLLA', '01714997882', 0, 0),
(73, 86, '01867468106', 'DK0744445TL0007', '2023-04-17', '2020-03-26 22:33:10', '2020-03-26 22:33:10', 'KHILKHET, DHAKA', 'ALAL', '01910707852', 0, 0),
(74, 87, '01996512864', 'RB0018127T00008', '2022-04-17', '2020-03-26 22:37:49', '2020-03-26 22:37:49', 'SHADOR, JAMALPUR', 'ROFIQUL', '01797121034', 0, 0),
(75, 88, '01648153033, 01910101223, 01715976835', 'DK0435265TL0006', '2020-08-31', '2020-03-26 22:42:19', '2020-03-26 22:42:19', 'ISLAMPUR, JAMALPUR', 'ERSHAD', '01934110647', 0, 0),
(76, 89, '01921274428, 01950981429', 'DK0544786TL0007', '2022-01-02', '2020-03-26 22:47:56', '2020-03-26 22:47:56', 'PURBADHALA, NETRAKONA', 'ABDULLAH', '01933955742', 0, 0),
(77, 90, '01713506779, 01873506779', 'GPC04318', '2021-04-02', '2020-03-26 22:54:48', '2020-03-26 22:54:48', 'MONOHORDI, NARSHINGDI', 'FAJLUL', '01786506230', 0, 0),
(78, 91, '01844940917 -01980711994', 'MS0026435T00003', '2022-06-11', '2020-03-27 06:02:21', '2020-03-27 06:02:21', 'MYMENSINGH SADOR, MYMENSINGH', NULL, NULL, 0, 0),
(79, 92, '01960103244, 01988937141', 'DK0326470L00000', '2019-09-20', '2020-03-27 07:06:10', '2020-03-27 07:06:10', 'MELANDAHA, JAMALPUR', 'JAKIR', '01869152258', 0, 0),
(80, 93, '01718956340', 'DK0386835T0005', '2020-07-04', '2020-03-27 07:29:09', '2020-03-27 07:29:09', 'FULCHHARI, GAIBANDHA', 'ASRAF ALI', '01772422154', 0, 0),
(81, 94, '01304457431', 'DK0546889T00006', '2022-01-16', '2020-03-27 07:35:41', '2020-03-27 07:35:41', 'MELANDAHA, JAMALPUR', 'MORSHED', '01844940917', 0, 0),
(82, 95, '01953616855, 01989596602', 'DK0332828L00000', '2019-07-12', '2020-03-27 07:53:38', '2020-03-27 07:53:38', 'MELANDAHA, JAMALPUR', 'ROBIUL', '01989047801', 0, 0),
(83, 96, '01623994020, 01999583215', 'DK03503233TL0000', '2020-02-02', '2020-03-27 08:05:44', '2020-03-27 08:05:44', 'MELANDAHA, JAMALPUR', NULL, NULL, 0, 0),
(84, 97, '01920731387,', 'DK0473165TL0009', '2021-05-25', '2020-03-27 08:14:48', '2020-03-27 08:14:48', 'GAURIPUR, MYMENSINGH', NULL, NULL, 0, 0),
(85, 98, '01837315473', 'DK0396709T00006', '2020-08-04', '2020-03-27 08:19:47', '2020-03-27 08:19:47', 'NAGARPUR, TANGAIL', 'EMDADUL,', '01723381357', 0, 0),
(86, 99, '01735928015', 'DK0466530TL0003', '2020-10-31', '2020-03-27 08:25:49', '2020-03-27 08:25:49', 'PURABADHALA, NETRAKONA', 'JAMAL', '01921123365', 0, 0),
(87, 100, '01930635146, 01967964596', 'DK0361527TL0005', '2020-03-22', '2020-03-27 08:32:15', '2020-03-27 08:32:15', 'NANDAIL, MYMENSINGH', 'DULAL', '01967964596', 0, 0),
(88, 101, '01682992330, 01775470208', 'DK0361206TL000L', '2020-03-30', '2020-03-27 08:43:27', '2020-03-27 08:43:27', 'SOKHIPUR, SHARIATPUR', 'LITON', '01730869002', 0, 0),
(89, 102, '01648708849, 01780183787', 'DK0929144TL0008', '2024-04-08', '2020-03-27 08:49:23', '2020-03-27 08:49:23', 'BANCHHARAMPUR, BRAHMANBARIA', 'JAHANGIR', '01757798293', 0, 0),
(90, 103, '01738078486', 'DK0339290TL0007', '2019-12-06', '2020-03-27 08:58:43', '2020-03-27 08:58:43', 'PIROJPUR, BARISHAL', 'RAJON', '01963509222', 0, 0),
(91, 104, '01988247003', 'TN0027086CL0002', '2022-11-19', '2020-05-11 20:59:28', '2020-05-11 20:59:28', 'CHAUHALI , SIRAJGONJ', 'MD. EMDADUL', '01723381357', 0, 0),
(92, 105, '01937648719/BASAR-01983607048', 'DK0616281TL0007', '2022-08-07', '2020-05-11 21:17:47', '2020-05-11 21:17:47', 'HOSSAINPUR KISHOREGONJ', 'MD.AL_AMIN', '01939348053', 0, 0),
(93, 106, '01706270177-01721696265', 'TN0015551T00004', '2020-09-03', '2020-05-11 21:53:23', '2020-05-11 21:53:23', 'CHOWHALI, SHIRAJGONJ', 'EMDADUL, HASEM,JAHANGIR', '01723381357', 0, 0),
(94, 107, '01913525144-01682696946 BABA-01709973094', 'GPC011716119', '1970-01-01', '2020-05-16 22:56:24', '2020-05-16 22:56:24', 'GAZIPUR', 'JAMAL CHOWDURY', '01672387157', 0, 0),
(95, 108, '01629706834-019731158032 BASAR-01927447312', 'DM123657725/2/2020', '1970-01-01', '2020-05-18 23:12:41', '2020-05-18 23:12:41', 'BHOLA', 'SHAIFUL ISLAM', '01957971713', 0, 0),
(96, 109, '01629706834-019731158032 BASAR-01927447312', 'DM1236577', '1970-01-01', '2020-05-18 23:19:04', '2020-05-18 23:19:04', 'GOPALGANJ', 'SHAIFUL', '01957971713', 0, 0),
(97, 110, '01741599833-WIFE-01626798623-VAI-01768560578', 'DM3P97061', '1970-01-01', '2020-05-18 23:28:02', '2020-05-18 23:28:02', 'KISHOREGONJ', 'EMDADUL, HASEM,JAHANGIR', '01723381357', 0, 0),
(98, 111, '01909686517-01891973427 VAI-01972596489', 'DK0874483TL0003', '1970-01-01', '2020-05-18 23:49:09', '2020-05-18 23:49:09', 'KARIMGANJ. KISHOREGONJ', 'SATTAR', '01912270840', 0, 0),
(99, 112, '01903177042', 'GP0027877L00001', '1970-01-01', '2020-05-18 23:59:08', '2020-05-18 23:59:08', 'JIBAN NAGAR,CHUADANGA', 'SHAHIN', '01944243395', 0, 0),
(100, 113, '01626124030', 'DK0602117L00009', '1970-01-01', '2020-05-19 00:07:48', '2020-05-19 00:07:48', 'NALCHITY, JHALOKATI', NULL, NULL, 0, 0),
(101, 114, '01927992960', 'DK0411692TL0000', '1970-01-01', '2020-05-19 00:16:27', '2020-05-19 00:16:27', 'JIBAN NAGAR,CHUADANGA', NULL, NULL, 0, 0),
(102, 115, '01930234020 VAI-01915039138', 'MS002998L000008', '1970-01-01', '2020-05-21 22:16:54', '2020-05-21 22:16:54', 'DHOBAURA, MYMENSINGH', 'HELAL', '01902977314', 0, 0),
(103, 116, '01855312896', 'DK0334483T00003', '1970-01-01', '2020-05-21 22:37:45', '2020-05-21 22:37:45', 'NANDAIL, MYMENSINGH', 'EMDADUL, HASEM,', '01957971713', 0, 0),
(104, 117, '01911721030', 'DK0557446TL0000', '1970-01-01', '2020-05-21 22:45:51', '2020-05-21 22:45:51', 'BARISHAL', NULL, NULL, 0, 0),
(105, 118, '01753560698', 'DK0840366CL0001', '1970-01-01', '2020-05-25 22:29:59', '2020-05-25 22:29:59', 'KALMAKANDA, NETRACONA', 'JAHANGIR', '01757798293', 0, 0),
(106, 119, '01776061608-BASAR-01641991929', 'DK0134346L00007', '2023-10-06', '2020-05-26 00:02:08', '2020-05-26 00:02:08', 'JHALOKATI SADAR, JHALOKATI', NULL, NULL, 0, 0),
(107, 120, '01404192565/01319585347 JAMAI-01990492289', 'DK0875550TL0001', '2024-06-02', '2020-05-26 00:08:31', '2020-05-26 00:08:31', 'KISHOREGONJ', NULL, NULL, 0, 0),
(108, 121, '01992731336 WIFE-01992731338', 'GG0009124T00009', '1970-01-01', '2020-05-26 00:17:02', '2020-05-26 00:17:02', 'GOPALGANJ SADAR, GOPALGANG', 'BADOL', '01867468106', 0, 0),
(109, 122, '01629655486', 'DK0779173TL0007', '2023-04-06', '2020-05-26 00:37:05', '2020-05-26 00:37:05', 'SHERPUR SADAR, SHERPUR', 'MOFIJUL', '01742183154', 0, 0),
(110, 123, '01977411048/01997411048', 'DK0916997CL0008', '1970-01-01', '2020-06-01 06:05:41', '2020-06-01 06:05:41', 'RUPGONJ, NARAYANGANJ', 'SABBIR', NULL, 0, 0),
(111, 124, '01617887127/01407666634 BASAR-01682265734', 'DK0825157TL0004', '1970-01-01', '2020-06-01 06:14:12', '2020-06-01 06:14:12', 'GANGACHARA, RANPUR', 'SADDAM', '01920447638', 0, 0),
(112, 125, '01778486494', 'DK0478025L00006', '1970-01-01', '2020-06-01 06:22:52', '2020-06-01 06:22:52', 'NOYAPARA, MYMENSINGH', NULL, NULL, 0, 0),
(113, 126, '01681500340', 'DK0376757T00003', '2020-03-06', '2020-06-01 06:32:19', '2020-06-01 06:32:19', 'KISHOREGONJ', NULL, NULL, 0, 0),
(114, 127, '01671523752', 'DK0544503M00004', '2022-11-01', '2020-06-03 23:55:36', '2020-06-03 23:55:36', 'NOYAKHALI', NULL, NULL, 0, 0),
(115, 128, '01918562202-WIFE-01949238267', 'JP0003904L00005', '2020-02-02', '2020-06-04 00:00:31', '2020-06-04 00:00:31', 'SHERPUR SADAR, SHERPUR', NULL, NULL, 0, 0),
(116, 129, '01924583987-BASAR-01932472404', 'DK0557259L00003', '1970-01-01', '2020-06-04 01:10:58', '2020-06-04 01:10:58', 'WEAST CHARPATA, MEDUA, BHOLA SADAR , BHOLA', 'AB. GOFUR', '01929550487', 0, 0),
(117, 130, '01861331723/01736289020-BASAR-01919792716/01726451325', 'DK0722691TL0004', '2023-07-02', '2020-06-04 01:25:24', '2020-06-04 01:25:24', 'MELANDAHA, JAMALPUR', 'AB. RAHIM', '01878739094', 0, 0),
(118, 131, '01723381357-01907626306 BASAR-01709184023', 'DK0919854TL0007', '2021-11-09', '2020-06-04 05:55:53', '2020-06-04 05:55:53', 'NAGARPUR, TANGAIL', 'HASEM ,JAHANGIR', '01837315473', 0, 0),
(119, 132, '01737595190', 'DK0101676TL0004', '1970-01-01', '2020-06-04 06:09:52', '2020-06-04 06:09:52', 'BAHADURABAD, DEWANGANJ, JAMALPUR', 'ANOWAR', '01920731387', 0, 0),
(120, 133, '01735588038-01935058068/BASAR-01957078485', 'DK0809785TL0000', '1970-01-01', '2020-06-04 06:22:17', '2020-06-04 06:22:17', 'MADARIPUR', 'SHOFIQUL', '01723230885', 0, 0),
(121, 134, '01710067119', 'DK0809785TL0000', '1970-01-01', '2020-06-04 06:31:34', '2020-06-04 06:31:34', 'SHERPUR SADAR, SHERPUR', 'FARUK', '1561', 0, 0),
(122, 135, '01951700108-WIFE-01620890223', 'DK0572749TL0005', '1970-01-01', '2020-06-04 06:38:15', '2020-06-04 06:38:15', 'LAKSHMIPUR SADAR , LAKSHMIPUR', 'MONOHOR', '01981518742', 0, 0),
(123, 136, '01869152258-01914547987-SHELE-01823530617', 'DK0723349T00006', '2020-03-11', '2020-06-04 06:47:27', '2020-06-04 06:47:27', 'CHITAGONG', 'ALAL', '01910707852', 0, 0),
(124, 137, '01923409542-SHELE-01919541010', 'DK0456740TL0007', '1970-01-01', '2020-06-04 07:00:48', '2020-06-04 07:00:48', 'MOHASPUR, JHENAIDAH', 'AJIBOR', '01903177042', 0, 0),
(125, 138, '01728969004-01988259505', 'JP0002870L00004', '2019-08-04', '2020-06-04 07:25:01', '2020-06-04 07:25:01', 'SADIPATI ,MELANDAHA, JAMALPUR', 'ANSAR', '01750969929', 0, 0),
(126, 139, '01306536800', '0000000000000001', '2021-04-02', '2020-06-04 07:38:28', '2020-06-04 07:38:28', 'BANIYACHONG, HOBIGONJ', NULL, NULL, 0, 0),
(127, 140, '01934466257-01876806089-VARI', 'DK0648904TL0000', '1970-01-01', '2020-06-04 07:50:48', '2020-06-04 07:50:48', 'GAZIRKHAMER, SHERPUR SADAR, SHERPUR', NULL, NULL, 0, 0),
(128, 141, '01729885807-WIFE-01947575964', 'TN0033912T00005', '1970-01-01', '2020-06-04 07:57:58', '2020-06-04 07:57:58', 'CHAUHALI, SIRAJGANJ', 'SALAM', NULL, 0, 0),
(129, 142, '01999789037-01767793753 BABA-01957397657', 'DK0753302TL0007', '2023-01-07', '2020-06-04 08:07:11', '2020-06-04 08:07:11', 'MAHESHPUR, JHENAIDAH', 'AJIBOR', '01903177042', 0, 0),
(130, 143, '01947942665-01734631917', 'DK0441051L00005', '1970-01-01', '2020-06-04 08:21:58', '2020-06-04 08:21:58', 'PIRGACHA, MADHUPUR, TANGAIL', 'MASUD/BABUL', '01685392559-01730491792', 0, 0),
(131, 144, '01638517582', '931572128154682', '2020-03-14', '2020-06-04 08:34:37', '2020-06-04 08:34:37', 'MODUPUR, TANGAIL', 'ANSAR', '01750969929', 0, 0),
(132, 145, '01910707852', 'NR0008908T00004', '1970-01-01', '2020-06-04 08:40:25', '2020-06-04 08:40:25', 'MELANDAHA, JAMALPUR', 'BADOL', '01867468106', 0, 0),
(133, 146, '01962879525-01830442245 VAI-01948202157', '0000000000000001', '2022-11-27', '2020-06-04 08:48:58', '2020-06-04 08:48:58', 'KISHOREGONJ', NULL, NULL, 0, 0),
(134, 147, '01987113441-01670682266', 'DK0273738L00002', '1970-01-01', '2020-06-04 08:58:34', '2020-06-04 08:58:34', 'ISHWARGANJ, MYMENSINGH', 'GOFUR', '01929550487', 0, 0),
(135, 148, '01623920345-01849992168 BASAR-01853965053', '0000000000000001', '2020-03-02', '2020-06-04 21:31:32', '2020-06-04 21:31:32', 'SOKHIPUR, SHARIATPUR', 'BADOL', '01867468106', 0, 0),
(136, 149, '01721618212-BASAR-01917736854', 'DK0245919TL0003', '1970-01-01', '2020-06-04 21:40:19', '2020-06-04 21:40:19', 'FULCHHARI, GAIBANDHA', 'ALTAP', NULL, 0, 0),
(137, 150, '01723230885/01969164139-BASAR-01785703053', '0000000000000001', '2020-03-02', '2020-06-05 05:41:51', '2020-06-05 05:41:51', 'HALUYAGAT, MYMENSINGH', 'ANSAR', '01750969929', 0, 0),
(138, 151, '01302611691-01876916036', 'DK0371903T00003', '1970-01-01', '2020-06-05 05:49:59', '2020-06-05 05:49:59', 'COMILLA', NULL, NULL, 0, 0),
(139, 152, '01795429000-01641998247', 'DK0745702TM0007', '2023-10-06', '2020-06-05 05:54:38', '2020-06-05 05:54:38', 'NALITABARI, SHERPUR', 'ANSAR', '01750969929', 0, 0),
(140, 153, '01743768616', 'DK0382956T00005', '2020-06-05', '2020-06-05 07:41:24', '2020-06-05 07:41:24', 'BAKERGONG, BARISHAL', NULL, NULL, 0, 0),
(141, 154, '01780361007/01746651048', 'DK0320743T00005', '1970-01-01', '2020-06-05 07:52:14', '2020-06-05 07:52:14', 'TALTOLI, BARGUNA', NULL, NULL, 0, 0),
(142, 155, '01921123365/WIFE-01749326653', '19826112385019799', '2020-03-02', '2020-06-05 08:06:09', '2020-06-05 08:06:09', 'GOWRIPUR, MYMENSINGH', 'SHOHIDUL', '01735928015', 0, 0),
(143, 156, '01918684516-01768764336-BASAR-01940832553', 'DK0529157TL0006', '1970-01-01', '2020-06-05 08:18:17', '2020-06-05 08:18:17', 'MELANDAHA, JAMALPUR', 'BADOL', '01867468106', 0, 0),
(144, 157, '01786506230', 'DK0422532TL0009', '1970-01-01', '2020-06-05 08:28:14', '2020-06-05 08:28:14', 'RAJARHAT, KURIGRAM', NULL, NULL, 0, 0),
(145, 158, '01861456367', '0000000000000001', '2020-03-02', '2020-06-05 08:34:12', '2020-06-05 08:34:12', 'MELANDAHA, JAMALPUR', 'ALAL', '01910707852', 0, 0),
(146, 159, '01913258339/01845847924-BASAR-01552364433', '0000000000000001', '2020-03-02', '2020-06-05 08:40:27', '2020-06-05 08:40:27', 'ISHWARGANJ, MYMENSINGH', NULL, NULL, 0, 0),
(147, 160, '01937386411-WIFE-01968081408', 'DK0900688CL0009', '2024-03-17', '2020-06-05 08:48:48', '2020-06-05 08:48:48', 'KISHOREGONJ', NULL, NULL, 0, 0),
(148, 161, '01989087801-BASAR-01940385639', 'DK0321938TL0005', '1970-01-01', '2020-06-05 09:01:10', '2020-06-05 09:01:10', 'MELANDAHA, JAMALPUR', 'SALAM', '01996069395', 0, 0),
(149, 162, '01718956340-BASAR-01759529138', 'DK0386835T00005', '2020-04-07', '2020-06-05 09:07:58', '2020-06-05 09:07:58', 'FULCHHARI, GAIBANDHA', 'ASRAF ALI', '01772422154', 0, 0),
(150, 163, '01309548573-WIFE-01795312003', '0000000000000001', '2020-03-02', '2020-06-05 09:14:18', '2020-06-05 09:14:18', 'KISHOREGONJ', NULL, NULL, 0, 0),
(151, 164, '01912524806', '0000000000000001', '2020-03-02', '2020-06-05 22:01:39', '2020-06-05 22:01:39', 'MYMENSINGH', 'ROFIQUL', '01910231477', 0, 0),
(152, 165, '01681500340', 'DK0376704T00005', '2020-03-06', '2020-06-05 22:25:38', '2020-06-05 22:25:38', 'KISHOREGONJ', 'MONJU', NULL, 0, 0),
(153, 166, '01906878201-01936994924-SELE-01906878202', 'DK0055365T00008', '2022-04-07', '2020-06-05 22:40:07', '2020-06-05 22:40:07', 'PALASHABARI , GAIBANDHA', 'DUDU', '01903177983', 0, 0),
(154, 167, '01984762338-01308653818', '0000000000000001', '2020-03-02', '2020-06-05 22:44:49', '2020-06-05 22:44:49', 'SHERPUR SADAR, SHERPUR', 'HANIF (MU)', NULL, 0, 0),
(155, 168, '01646777580-01833470039 BASAR-01714312526', '0000000000000001', '2020-03-02', '2020-06-05 22:55:19', '2020-06-05 22:55:19', 'MYMENSINGH', 'ANSAR', '01750969929', 0, 0),
(156, 169, '01889948753-WIFE-01876132086', '0000000000000001', '2020-03-02', '2020-06-05 23:11:16', '2020-06-05 23:11:16', 'SHIBCHOR, MADARIPUR', 'HANIF', '01705155573', 0, 0),
(157, 170, '0193179032-BASAR -01953757677', 'JP0006152TL0004', '2021-04-16', '2020-06-06 00:09:56', '2020-06-06 00:09:56', 'MELANDAHA, JAMALPUR', 'BACHU', NULL, 0, 0),
(158, 171, '01932822792', 'GP0037639L00000', '2021-02-01', '2020-06-06 00:20:12', '2020-06-06 00:20:12', 'RUPGONJ, NARAYANGANJ', 'SABBIR', '01979051685', 0, 0),
(159, 172, '01911304399-01313424593-BASAR-01782857023', 'DK0356824TL0005', '2019-12-10', '2020-06-06 00:32:53', '2020-06-06 00:32:53', 'SHERPUR SADAR, SHERPUR', 'MORSHED', '01844940917', 0, 0),
(160, 173, '01725588074-BASAR-01797112878', 'DK0577474T00000', '1970-01-01', '2020-06-06 00:47:09', '2020-06-06 00:47:09', 'FULCHHARI, GAIBANDHA', 'AIAN', '01718956340', 0, 0),
(161, 174, '01794005230-WIFE-017794005234', '0000000000000001', '2020-03-02', '2020-06-06 05:57:33', '2020-06-06 05:57:33', 'NAGARPUR, TANGAIL', 'EMDADUL,', '01723381357', 0, 0),
(162, 175, '01304457431-01943084741', 'DK0546889T00006', '1970-01-01', '2020-06-06 06:19:42', '2020-06-06 06:19:42', 'MELANDAHA, JAMALPUR', 'MORSHED', '01844940917', 0, 0),
(163, 176, '01888717488-01676166438', 'DK0401327TL0000', '2020-07-09', '2020-06-06 06:27:56', '2020-06-06 06:27:56', 'NARIA , SHARIATPUR', 'ROFIQUL', '01910231477', 0, 0),
(164, 177, '01885521213-BASAR-01944458468', 'DK0580333TL0009', '1970-01-01', '2020-06-07 06:28:56', '2020-06-07 06:28:56', 'HALUYAGAT, MYMENSINGH', 'ANSAR', '01750969929', 0, 0),
(165, 178, '01940930983-01926882265', 'DK0570662T00002', '1970-01-01', '2020-06-07 06:38:29', '2020-06-07 06:38:29', 'MITHAMAIN KISHOREGONJ', 'JOINAL HAJARI', NULL, 0, 0),
(166, 179, '01753560698-01730490987', 'DK0840366CL0001', '1970-01-01', '2020-06-07 07:25:04', '2020-06-07 07:25:04', 'KALMAKANDA, NETRACONA', 'JAHANGIR', NULL, 0, 0),
(167, 180, '01906476126/01646995345-BASAR-01719623948', 'GP0092412TL0005', '2020-06-13', '2020-06-12 21:51:35', '2020-06-12 21:51:35', 'GAZIPUR SADOR, GAZIPUR', 'MANNA', '01915180440', 0, 0);

-- --------------------------------------------------------

--
-- Table structure for table `driver_photos`
--

CREATE TABLE `driver_photos` (
  `id` bigint(20) UNSIGNED NOT NULL,
  `driver_id` bigint(20) NOT NULL,
  `license_photo` varchar(255) COLLATE utf8_unicode_ci DEFAULT NULL,
  `nid` varchar(255) COLLATE utf8_unicode_ci DEFAULT NULL,
  `nid_photo` varchar(255) COLLATE utf8_unicode_ci DEFAULT NULL,
  `created_at` timestamp NULL DEFAULT NULL,
  `updated_at` timestamp NULL DEFAULT NULL,
  `driver_photo` varchar(255) COLLATE utf8_unicode_ci DEFAULT NULL
) ENGINE=InnoDB DEFAULT CHARSET=utf8 COLLATE=utf8_unicode_ci;

--
-- Dumping data for table `driver_photos`
--

INSERT INTO `driver_photos` (`id`, `driver_id`, `license_photo`, `nid`, `nid_photo`, `created_at`, `updated_at`, `driver_photo`) VALUES
(10, 16, 'DL_16.jfif', '1234567890', 'nid_16.jfif', '2020-03-14 04:57:04', '2020-03-14 04:57:04', 'driver_16.jfif'),
(11, 17, 'license_photo/DL_17.jpg', '4814977147731', 'nid_photo/nid_17.jpg', '2020-03-14 05:18:42', '2020-03-14 05:18:42', 'driver_photo/driver_17.jpg'),
(12, 18, 'license_photo/DL_18.jpg', '421241212442463', 'nid_photo/nid_18.jpg', '2020-03-14 05:34:51', '2020-03-14 05:34:51', 'driver_photo/driver_18.jpg'),
(13, 19, 'license_photo/DL_19.jpg', '8675096146', 'nid_photo/nid_19.jpg', '2020-03-14 05:46:09', '2020-03-14 05:46:09', 'driver_photo/driver_19.jpg'),
(14, 20, 'license_photo/DL_20.jpg', '3743775193', 'nid_photo/nid_20.jpg', '2020-03-14 07:04:06', '2020-03-14 07:04:06', 'driver_photo/driver_20.jpg'),
(15, 21, 'license_photo/DL_21.jpg', '3706188442', 'nid_photo/nid_21.jpg', '2020-03-14 07:43:19', '2020-03-14 07:43:19', 'driver_photo/driver_21.jpg'),
(16, 22, 'license_photo/DL_22.jpg', '4810235759469', 'nid_photo/nid_22.jpg', '2020-03-15 06:51:24', '2020-03-15 06:51:24', 'driver_photo/driver_22.jpg'),
(17, 23, 'license_photo/DL_23.jpg', '9317614035696', 'nid_photo/nid_23.jpg', '2020-03-15 07:08:02', '2020-03-15 07:08:02', 'driver_photo/driver_23.jpg'),
(18, 24, 'license_photo/DL_24.jpg', '9317614035696', 'nid_photo/nid_24.jpg', '2020-03-15 07:12:28', '2020-03-15 07:12:28', 'driver_photo/driver_24.jpg'),
(19, 25, 'license_photo/DL_25.jpg', '9196227401618', 'nid_photo/nid_25.jpg', '2020-03-15 07:20:54', '2020-03-15 07:20:54', 'driver_photo/driver_25.jpg'),
(20, 26, 'license_photo/DL_26.jpg', '4608554235', 'nid_photo/nid_26.jpg', '2020-03-15 07:31:57', '2020-03-15 07:31:57', 'driver_photo/driver_26.jpg'),
(21, 27, 'license_photo/DL_27.jpg', '4814977147731', 'nid_photo/nid_27.jpg', '2020-03-15 07:42:47', '2020-03-15 07:42:47', 'driver_photo/driver_27.jpg'),
(22, 28, 'license_photo/DL_28.jpg', '19803916128000008', 'nid_photo/nid_28.jpg', '2020-03-15 08:15:21', '2020-03-15 08:15:21', 'driver_photo/driver_28.jpg'),
(23, 29, 'license_photo/DL_29.jpg', '4630158600', 'nid_photo/nid_29.jpg', '2020-03-15 08:56:47', '2020-03-15 08:56:47', 'driver_photo/driver_29.jpg'),
(24, 30, '', '3218866378755', '', '2020-03-15 09:13:47', '2020-03-15 09:13:47', ''),
(25, 31, 'license_photo/DL_31.jpg', '3218866378755', 'nid_photo/nid_31.jpg', '2020-03-15 09:14:56', '2020-03-15 09:14:56', 'driver_photo/driver_31.jpg'),
(26, 32, 'license_photo/DL_32.jpg', '1234567890', 'nid_photo/nid_32.jpg', '2020-03-16 06:24:47', '2020-03-16 06:24:47', 'driver_photo/driver_32.jpg'),
(27, 33, 'license_photo/DL_33.jpg', '2694814920431', 'nid_photo/nid_33.jpg', '2020-03-16 06:56:03', '2020-03-16 06:56:03', 'driver_photo/driver_33.jpg'),
(28, 34, 'license_photo/DL_34.jpg', 'TN00032116TL0005', 'nid_photo/nid_34.jpg', '2020-03-16 10:35:15', '2020-03-16 10:35:15', 'driver_photo/driver_34.jpg'),
(29, 35, 'license_photo/DL_35.jpg', '19781019471000002', 'nid_photo/nid_35.jpg', '2020-03-16 22:27:15', '2020-03-16 22:27:15', 'driver_photo/driver_35.jpg'),
(30, 36, 'license_photo/DL_36.jpg', '6716879787096', 'nid_photo/nid_36.jpg', '2020-03-16 22:38:34', '2020-03-16 22:38:34', 'driver_photo/driver_36.jpg'),
(31, 37, 'license_photo/DL_37.jpg', 'TN0033315TL0009', 'nid_photo/nid_37.jpg', '2020-03-16 22:47:47', '2020-03-16 22:47:47', 'driver_photo/driver_37.jpg'),
(32, 38, 'license_photo/DL_38.jpg', 'DK0677882T00006', 'nid_photo/nid_38.jpg', '2020-03-16 23:23:53', '2020-03-16 23:23:53', 'driver_photo/driver_38.jpg'),
(33, 39, 'license_photo/DL_39.jpg', 'DK0288741TL0005', 'nid_photo/nid_39.jpg', '2020-03-16 23:35:46', '2020-03-16 23:35:46', 'driver_photo/driver_39.jpg'),
(34, 40, 'license_photo/DL_40.jpg', 'DK0127780T00007', 'nid_photo/nid_40.jpg', '2020-03-16 23:50:03', '2020-03-16 23:50:03', 'driver_photo/driver_40.jpg'),
(35, 41, 'license_photo/DL_41.jpg', '2806419012', 'nid_photo/nid_41.jpg', '2020-03-17 00:02:04', '2020-03-17 00:02:04', 'driver_photo/driver_41.jpg'),
(36, 42, 'license_photo/DL_42.jpg', 'JS0067170L00007', 'nid_photo/nid_42.jpg', '2020-03-18 22:40:51', '2020-03-18 22:40:51', 'driver_photo/driver_42.jpg'),
(37, 43, 'license_photo/DL_43.jpg', 'DK0599586TL0003', 'nid_photo/nid_43.jpg', '2020-03-18 22:47:54', '2020-03-18 22:47:54', 'driver_photo/driver_43.jpg'),
(38, 44, 'license_photo/DL_44.jpg', 'DK0254836M', 'nid_photo/nid_44.jpg', '2020-03-18 23:01:11', '2020-03-18 23:01:11', 'driver_photo/driver_44.jpg'),
(39, 45, 'license_photo/DL_45.jpg', '5066903567', 'nid_photo/nid_45.jpg', '2020-03-18 23:12:49', '2020-03-18 23:12:49', 'driver_photo/driver_45.jpg'),
(40, 46, 'license_photo/DL_46.jpg', 'DK0430248TL00008', 'nid_photo/nid_46.jpg', '2020-03-20 23:17:10', '2020-03-20 23:17:10', 'driver_photo/driver_46.jpg'),
(41, 47, 'license_photo/DL_47.jpg', 'DK0371930T00009', 'nid_photo/nid_47.jpg', '2020-03-20 23:24:12', '2020-03-20 23:24:12', 'driver_photo/driver_47.jpg'),
(42, 48, 'license_photo/DL_48.jpg', '3708690510', 'nid_photo/nid_48.jpg', '2020-03-21 09:54:59', '2020-03-21 09:54:59', 'driver_photo/driver_48.jpg'),
(43, 49, 'license_photo/DL_49.jpg', 'JR0010871TL0005', 'nid_photo/nid_49.jpg', '2020-03-21 22:18:31', '2020-03-21 22:18:31', 'driver_photo/driver_49.jpg'),
(44, 50, 'license_photo/DL_50.jpg', 'DK0816592TL0006', 'nid_photo/nid_50.jpg', '2020-03-21 23:19:41', '2020-03-21 23:19:41', 'driver_photo/driver_50.jpg'),
(45, 51, 'license_photo/DL_51.jpg', '4192679738', 'nid_photo/nid_51.jpg', '2020-03-21 23:27:30', '2020-03-21 23:27:30', 'driver_photo/driver_51.jpg'),
(46, 52, 'license_photo/DL_52.jpg', 'DK0858515L00000', 'nid_photo/nid_52.jpg', '2020-03-23 21:55:10', '2020-03-23 21:55:10', 'driver_photo/driver_52.jpg'),
(47, 53, 'license_photo/DL_53.jpg', '7762218225', 'nid_photo/nid_53.jpg', '2020-03-23 22:06:48', '2020-03-23 22:06:48', 'driver_photo/driver_53.jpg'),
(48, 54, 'license_photo/DL_54.jpg', '9317614029045', 'nid_photo/nid_54.jpg', '2020-03-23 22:16:09', '2020-03-23 22:16:09', 'driver_photo/driver_54.jpg'),
(49, 55, 'license_photo/DL_55.jpg', 'DK0070572T00003', 'nid_photo/nid_55.jpg', '2020-03-23 22:26:00', '2020-03-23 22:26:00', 'driver_photo/driver_55.jpg'),
(50, 56, 'license_photo/DL_56.jpg', '5519318835', 'nid_photo/nid_56.jpg', '2020-03-23 22:34:08', '2020-03-23 22:34:08', 'driver_photo/driver_56.jpg'),
(51, 57, 'license_photo/DL_57.jpg', '19692690421361790', 'nid_photo/nid_57.jpg', '2020-03-23 22:51:31', '2020-03-23 22:51:31', 'driver_photo/driver_57.jpg'),
(52, 58, 'license_photo/DL_58.jpg', 'DK0722694TL0004', 'nid_photo/nid_58.jpg', '2020-03-23 23:00:56', '2020-03-23 23:00:56', 'driver_photo/driver_58.jpg'),
(53, 59, 'license_photo/DL_59.jpg', '19846515218000025', 'nid_photo/nid_59.jpg', '2020-03-23 23:14:13', '2020-03-23 23:14:13', 'driver_photo/driver_59.jpg'),
(54, 60, 'license_photo/DL_60.jpg', 'JP0005584TL0002', 'nid_photo/nid_60.jpg', '2020-03-26 09:53:28', '2020-03-26 09:53:28', 'driver_photo/driver_60.jpg'),
(55, 61, 'license_photo/DL_61.jpg', '19826112085019799', 'nid_photo/nid_61.jpg', '2020-03-26 10:03:13', '2020-03-26 10:03:13', 'driver_photo/driver_61.jpg'),
(56, 62, 'license_photo/DL_62.jpg', '6856418451', 'nid_photo/nid_62.jpg', '2020-03-26 10:08:57', '2020-03-26 10:08:57', 'driver_photo/driver_62.jpg'),
(57, 63, 'license_photo/DL_63.jpg', '5085694130', 'nid_photo/nid_63.jpg', '2020-03-26 10:13:31', '2020-03-26 10:13:31', 'driver_photo/driver_63.jpg'),
(58, 64, 'license_photo/DL_64.jpg', '6872170466', 'nid_photo/nid_64.jpg', '2020-03-26 10:18:42', '2020-03-26 10:18:42', 'driver_photo/driver_64.jpg'),
(59, 65, 'license_photo/DL_65.jpg', 'DK0883403TL0004', 'nid_photo/nid_65.jpg', '2020-03-26 10:28:03', '2020-03-26 10:28:03', 'driver_photo/driver_65.jpg'),
(60, 66, 'license_photo/DL_66.jpg', '6117287386938', 'nid_photo/nid_66.jpg', '2020-03-26 10:33:28', '2020-03-26 10:33:28', 'driver_photo/driver_66.jpg'),
(61, 67, 'license_photo/DL_67.jpg', 'DK0260662TL0001', 'nid_photo/nid_67.jpg', '2020-03-26 10:40:25', '2020-03-26 10:40:25', 'driver_photo/driver_67.jpg'),
(62, 68, 'license_photo/DL_68.jpg', '4814260513325', 'nid_photo/nid_68.jpg', '2020-03-26 21:54:09', '2020-03-26 21:54:09', 'driver_photo/driver_68.jpg'),
(63, 69, 'license_photo/DL_69.jpg', 'DK0358835L00002', 'nid_photo/nid_69.jpg', '2020-03-26 21:59:48', '2020-03-26 21:59:48', 'driver_photo/driver_69.jpg'),
(64, 70, 'license_photo/DL_70.jpg', 'CG0158735T00008', 'nid_photo/nid_70.jpg', '2020-03-26 22:18:42', '2020-03-26 22:18:42', 'driver_photo/driver_70.jpg'),
(65, 71, 'license_photo/DL_71.jpg', 'DK0386825T00002', 'nid_photo/nid_71.jpg', '2020-03-26 22:23:39', '2020-03-26 22:23:39', 'driver_photo/driver_71.jpg'),
(66, 72, 'license_photo/DL_72.jpg', '4175015413', 'nid_photo/nid_72.jpg', '2020-03-26 22:27:59', '2020-03-26 22:27:59', 'driver_photo/driver_72.jpg'),
(67, 73, 'license_photo/DL_73.jpg', 'DK0744445TL0007', 'nid_photo/nid_73.jpg', '2020-03-26 22:33:10', '2020-03-26 22:33:10', 'driver_photo/driver_73.jpg'),
(68, 74, 'license_photo/DL_74.jpg', '6188852826', 'nid_photo/nid_74.jpg', '2020-03-26 22:37:49', '2020-03-26 22:37:49', 'driver_photo/driver_74.jpg'),
(69, 75, 'license_photo/DL_75.jpg', 'DK0435265TL0006', 'nid_photo/nid_75.jpg', '2020-03-26 22:42:20', '2020-03-26 22:42:20', 'driver_photo/driver_75.jpg'),
(70, 76, 'license_photo/DL_76.jpg', '8659659950', 'nid_photo/nid_76.jpg', '2020-03-26 22:47:56', '2020-03-26 22:47:56', 'driver_photo/driver_76.jpg'),
(71, 77, 'license_photo/DL_77.jpg', '8699303338', 'nid_photo/nid_77.jpg', '2020-03-26 22:54:49', '2020-03-26 22:54:49', 'driver_photo/driver_77.jpg'),
(72, 78, 'license_photo/DL_78.jpg', '5507428596', 'nid_photo/nid_78.jpg', '2020-03-27 06:02:21', '2020-03-27 06:02:21', 'driver_photo/driver_78.jpg'),
(73, 79, 'license_photo/DL_79.jpg', '5528903080', 'nid_photo/nid_79.jpg', '2020-03-27 07:06:10', '2020-03-27 07:06:10', 'driver_photo/driver_79.jpg'),
(74, 80, 'license_photo/DL_80.jpg', 'DK0386835T0005', 'nid_photo/nid_80.jpg', '2020-03-27 07:29:09', '2020-03-27 07:29:09', 'driver_photo/driver_80.jpg'),
(75, 81, 'license_photo/DL_81.jpg', 'DK0546889T00006', 'nid_photo/nid_81.jpg', '2020-03-27 07:35:41', '2020-03-27 07:35:41', 'driver_photo/driver_81.jpg'),
(76, 82, 'license_photo/DL_82.jpg', '3916185550768', 'nid_photo/nid_82.jpg', '2020-03-27 07:53:38', '2020-03-27 07:53:38', 'driver_photo/driver_82.jpg'),
(77, 83, 'license_photo/DL_83.jpg', 'DK03503233TL0000', 'nid_photo/nid_83.jpg', '2020-03-27 08:05:44', '2020-03-27 08:05:44', 'driver_photo/driver_83.jpg'),
(78, 84, 'license_photo/DL_84.jpg', 'DK0473165TL0009', 'nid_photo/nid_84.jpg', '2020-03-27 08:14:48', '2020-03-27 08:14:48', 'driver_photo/driver_84.jpg'),
(79, 85, 'license_photo/DL_85.jpg', '9317614037199', 'nid_photo/nid_85.jpg', '2020-03-27 08:19:47', '2020-03-27 08:19:47', 'driver_photo/driver_85.jpg'),
(80, 86, 'license_photo/DL_86.jpg', '4614755827', 'nid_photo/nid_86.jpg', '2020-03-27 08:25:50', '2020-03-27 08:25:50', 'driver_photo/driver_86.jpg'),
(81, 87, 'license_photo/DL_87.jpg', '6117287386550', 'nid_photo/nid_87.jpg', '2020-03-27 08:32:15', '2020-03-27 08:32:15', 'driver_photo/driver_87.jpg'),
(82, 88, 'license_photo/DL_88.jpg', '2694070194769', 'nid_photo/nid_88.jpg', '2020-03-27 08:43:27', '2020-03-27 08:43:27', 'driver_photo/driver_88.jpg'),
(83, 89, 'license_photo/DL_89.jpg', '8007225920', 'nid_photo/nid_89.jpg', '2020-03-27 08:49:23', '2020-03-27 08:49:23', 'driver_photo/driver_89.jpg'),
(84, 90, 'license_photo/DL_90.jpg', 'DK0339290TL0007', 'nid_photo/nid_90.jpg', '2020-03-27 08:58:43', '2020-03-27 08:58:43', 'driver_photo/driver_90.jpg'),
(85, 91, 'license_photo/DL_91.jpg', '8812723132981', 'nid_photo/nid_91.jpg', '2020-05-11 20:59:28', '2020-05-11 20:59:28', 'driver_photo/driver_91.jpg'),
(86, 92, 'license_photo/DL_92.jpg', '5066903567', 'nid_photo/nid_92.jpg', '2020-05-11 21:17:47', '2020-05-11 21:17:47', 'driver_photo/driver_92.jpg'),
(87, 93, 'license_photo/DL_93.jpg', '8812723129845', 'nid_photo/nid_93.jpg', '2020-05-11 21:53:23', '2020-05-11 21:53:23', 'driver_photo/driver_93.jpg'),
(88, 94, 'license_photo/DL_94.jpg', 'GPC011716119', 'nid_photo/nid_94.jpg', '2020-05-16 22:56:24', '2020-05-16 22:56:24', 'driver_photo/driver_94.jpg'),
(89, 95, 'license_photo/DL_95.jpg', 'DM1236577', 'nid_photo/nid_95.jpg', '2020-05-18 23:12:42', '2020-05-18 23:12:42', 'driver_photo/driver_95.jpg'),
(90, 96, '', 'DM1236577', '', '2020-05-18 23:19:04', '2020-05-18 23:19:04', ''),
(91, 97, 'license_photo/DL_97.jpg', '9111027042', 'nid_photo/nid_97.jpg', '2020-05-18 23:28:02', '2020-05-18 23:28:02', 'driver_photo/driver_97.jpg'),
(92, 98, 'license_photo/DL_98.jpg', '4814225604400', 'nid_photo/nid_98.jpg', '2020-05-18 23:49:09', '2020-05-18 23:49:09', 'driver_photo/driver_98.jpg'),
(93, 99, 'license_photo/DL_99.jpg', '9110811594', 'nid_photo/nid_99.jpg', '2020-05-18 23:59:08', '2020-05-18 23:59:08', 'driver_photo/driver_99.jpg'),
(94, 100, 'license_photo/DL_100.jpg', '2610413459157', 'nid_photo/nid_100.jpg', '2020-05-19 00:07:49', '2020-05-19 00:07:49', 'driver_photo/driver_100.jpg'),
(95, 101, 'license_photo/DL_101.jpg', 'DK0411692TL0000', 'nid_photo/nid_101.jpg', '2020-05-19 00:16:27', '2020-05-19 00:16:27', 'driver_photo/driver_101.jpg'),
(96, 102, 'license_photo/DL_102.jpg', '611161032958', 'nid_photo/nid_102.jpg', '2020-05-21 22:16:55', '2020-05-21 22:16:55', 'driver_photo/driver_102.jpg'),
(97, 103, 'license_photo/DL_103.jpg', '9144975902', 'nid_photo/nid_103.jpg', '2020-05-21 22:37:45', '2020-05-21 22:37:45', 'driver_photo/driver_103.jpg'),
(98, 104, 'license_photo/DL_104.jpg', '4152512267', 'nid_photo/nid_104.jpg', '2020-05-21 22:45:51', '2020-05-21 22:45:51', 'driver_photo/driver_104.jpg'),
(99, 105, '', '19957214023111895', '', '2020-05-25 22:29:59', '2020-05-25 22:29:59', ''),
(100, 106, 'license_photo/DL_106.jpg', '5065975079', 'nid_photo/nid_106.jpg', '2020-05-26 00:02:09', '2020-05-26 00:02:09', 'driver_photo/driver_106.jpg'),
(101, 107, 'license_photo/DL_107.jpg', 'DK0875550TL0001', 'nid_photo/nid_107.jpg', '2020-05-26 00:08:31', '2020-05-26 00:08:31', 'driver_photo/driver_107.jpg'),
(102, 108, 'license_photo/DL_108.jpg', '7320470011', 'nid_photo/nid_108.jpg', '2020-05-26 00:17:03', '2020-05-26 00:17:03', 'driver_photo/driver_108.jpg'),
(103, 109, 'license_photo/DL_109.jpg', 'DK0779173TL0007', 'nid_photo/nid_109.jpg', '2020-05-26 00:37:05', '2020-05-26 00:37:05', 'driver_photo/driver_109.jpg'),
(104, 110, 'license_photo/DL_110.jpg', 'DK0916997CL0008', 'nid_photo/nid_110.jpg', '2020-06-01 06:05:42', '2020-06-01 06:05:42', 'driver_photo/driver_110.jpg'),
(105, 111, 'license_photo/DL_111.jpg', '4663860973', 'nid_photo/nid_111.jpg', '2020-06-01 06:14:12', '2020-06-01 06:14:12', 'driver_photo/driver_111.jpg'),
(106, 112, 'license_photo/DL_112.jpg', '5519318835', 'nid_photo/nid_112.jpg', '2020-06-01 06:22:52', '2020-06-01 06:22:52', 'driver_photo/driver_112.jpg'),
(107, 113, 'license_photo/DL_113.jpg', 'DK0376757T00003', 'nid_photo/nid_113.jpg', '2020-06-01 06:32:19', '2020-06-01 06:32:19', 'driver_photo/driver_113.jpg'),
(108, 114, 'license_photo/DL_114.jpg', '9118841809', 'nid_photo/nid_114.jpg', '2020-06-03 23:55:36', '2020-06-03 23:55:36', 'driver_photo/driver_114.jpg'),
(109, 115, 'license_photo/DL_115.jpg', 'JP0003904L00005', 'nid_photo/nid_115.jpg', '2020-06-04 00:00:31', '2020-06-04 00:00:31', 'driver_photo/driver_115.jpg'),
(110, 116, 'license_photo/DL_116.jpg', '2610457000539', 'nid_photo/nid_116.jpg', '2020-06-04 01:10:58', '2020-06-04 01:10:58', ''),
(111, 117, 'license_photo/DL_117.jpg', 'DK0722691TL0004', 'nid_photo/nid_117.jpg', '2020-06-04 01:25:24', '2020-06-04 01:25:24', 'driver_photo/driver_117.jpg'),
(112, 118, 'license_photo/DL_118.jpg', '9317614035837', 'nid_photo/nid_118.jpg', '2020-06-04 05:55:53', '2020-06-04 05:55:53', 'driver_photo/driver_118.jpg'),
(113, 119, 'license_photo/DL_119.jpg', '5107629700', 'nid_photo/nid_119.jpg', '2020-06-04 06:09:52', '2020-06-04 06:09:52', 'driver_photo/driver_119.jpg'),
(114, 120, 'license_photo/DL_120.jpg', 'DK0809785TL0000', 'nid_photo/nid_120.jpg', '2020-06-04 06:22:17', '2020-06-04 06:22:17', 'driver_photo/driver_120.jpg'),
(115, 121, 'license_photo/DL_121.jpg', 'DK0447016TL0003', 'nid_photo/nid_121.jpg', '2020-06-04 06:31:34', '2020-06-04 06:31:34', 'driver_photo/driver_121.jpg'),
(116, 122, 'license_photo/DL_122.jpg', 'DK0572749TL0005', 'nid_photo/nid_122.jpg', '2020-06-04 06:38:15', '2020-06-04 06:38:15', 'driver_photo/driver_122.jpg'),
(117, 123, 'license_photo/DL_123.jpg', '6861139043', 'nid_photo/nid_123.jpg', '2020-06-04 06:47:27', '2020-06-04 06:47:27', 'driver_photo/driver_123.jpg'),
(118, 124, 'license_photo/DL_124.jpg', 'DK0456740TL0007', 'nid_photo/nid_124.jpg', '2020-06-04 07:00:48', '2020-06-04 07:00:48', 'driver_photo/driver_124.jpg'),
(119, 125, 'license_photo/DL_125.jpg', '3916166510711', 'nid_photo/nid_125.jpg', '2020-06-04 07:25:01', '2020-06-04 07:25:01', 'driver_photo/driver_125.jpg'),
(120, 126, 'license_photo/DL_126.jpg', '3390274317', 'nid_photo/nid_126.jpg', '2020-06-04 07:38:28', '2020-06-04 07:38:28', 'driver_photo/driver_126.jpg'),
(121, 127, 'license_photo/DL_127.jpg', '8210247899', 'nid_photo/nid_127.jpg', '2020-06-04 07:50:48', '2020-06-04 07:50:48', 'driver_photo/driver_127.jpg'),
(122, 128, 'license_photo/DL_128.jpg', 'TN0033912T00005', 'nid_photo/nid_128.jpg', '2020-06-04 07:57:58', '2020-06-04 07:57:58', 'driver_photo/driver_128.jpg'),
(123, 129, 'license_photo/DL_129.jpg', '19944417177000411', 'nid_photo/nid_129.jpg', '2020-06-04 08:07:11', '2020-06-04 08:07:11', 'driver_photo/driver_129.jpg'),
(124, 130, 'license_photo/DL_130.jpg', '931575724673329', 'nid_photo/nid_130.jpg', '2020-06-04 08:21:58', '2020-06-04 08:21:58', 'driver_photo/driver_130.jpg'),
(125, 131, 'license_photo/DL_131.jpg', '9315721281546', 'nid_photo/nid_131.jpg', '2020-06-04 08:34:37', '2020-06-04 08:34:37', 'driver_photo/driver_131.jpg'),
(126, 132, 'license_photo/DL_132.jpg', 'NR0008908T00004', 'nid_photo/nid_132.jpg', '2020-06-04 08:40:25', '2020-06-04 08:40:25', 'driver_photo/driver_132.jpg'),
(127, 133, 'license_photo/DL_133.jpg', '00000000000000', 'nid_photo/nid_133.jpg', '2020-06-04 08:48:58', '2020-06-04 08:48:58', 'driver_photo/driver_133.jpg'),
(128, 134, 'license_photo/DL_134.jpg', '269218495774', 'nid_photo/nid_134.jpg', '2020-06-04 08:58:34', '2020-06-04 08:58:34', 'driver_photo/driver_134.jpg'),
(129, 135, 'license_photo/DL_135.jpg', '8611443494928', 'nid_photo/nid_135.jpg', '2020-06-04 21:31:32', '2020-06-04 21:31:32', 'driver_photo/driver_135.jpg'),
(130, 136, 'license_photo/DL_136.jpg', '2693625678484', 'nid_photo/nid_136.jpg', '2020-06-04 21:40:19', '2020-06-04 21:40:19', 'driver_photo/driver_136.jpg'),
(131, 137, 'license_photo/DL_137.jpg', '9196227407265', 'nid_photo/nid_137.jpg', '2020-06-05 05:41:51', '2020-06-05 05:41:51', 'driver_photo/driver_137.jpg'),
(132, 138, 'license_photo/DL_138.jpg', 'DK0371903T00003', 'nid_photo/nid_138.jpg', '2020-06-05 05:49:59', '2020-06-05 05:49:59', 'driver_photo/driver_138.jpg'),
(133, 139, 'license_photo/DL_139.jpg', 'DK0745702TM0007', 'nid_photo/nid_139.jpg', '2020-06-05 05:54:38', '2020-06-05 05:54:38', 'driver_photo/driver_139.jpg'),
(134, 140, 'license_photo/DL_140.jpg', 'DK0382956T00005', 'nid_photo/nid_140.jpg', '2020-06-05 07:41:24', '2020-06-05 07:41:24', 'driver_photo/driver_140.jpg'),
(135, 141, 'license_photo/DL_141.jpg', 'DK0320743T00005', 'nid_photo/nid_141.jpg', '2020-06-05 07:52:14', '2020-06-05 07:52:14', 'driver_photo/driver_141.jpg'),
(136, 142, 'license_photo/DL_142.jpg', '19826112385019799', 'nid_photo/nid_142.jpg', '2020-06-05 08:06:09', '2020-06-05 08:06:09', 'driver_photo/driver_142.jpg'),
(137, 143, 'license_photo/DL_143.jpg', '2690417156743', 'nid_photo/nid_143.jpg', '2020-06-05 08:18:17', '2020-06-05 08:18:17', 'driver_photo/driver_143.jpg'),
(138, 144, 'license_photo/DL_144.jpg', '4945121924013', 'nid_photo/nid_144.jpg', '2020-06-05 08:28:14', '2020-06-05 08:28:14', 'driver_photo/driver_144.jpg'),
(139, 145, 'license_photo/DL_145.jpg', '3916195572696', 'nid_photo/nid_145.jpg', '2020-06-05 08:34:12', '2020-06-05 08:34:12', 'driver_photo/driver_145.jpg'),
(140, 146, 'license_photo/DL_146.jpg', '6113190649045', 'nid_photo/nid_146.jpg', '2020-06-05 08:40:27', '2020-06-05 08:40:27', 'driver_photo/driver_146.jpg'),
(141, 147, 'license_photo/DL_147.jpg', '5525146162', 'nid_photo/nid_147.jpg', '2020-06-05 08:48:48', '2020-06-05 08:48:48', 'driver_photo/driver_147.jpg'),
(142, 148, 'license_photo/DL_148.jpg', '2693622430135', 'nid_photo/nid_148.jpg', '2020-06-05 09:01:10', '2020-06-05 09:01:10', 'driver_photo/driver_148.jpg'),
(143, 149, 'license_photo/DL_149.jpg', 'DK0386835T00005', 'nid_photo/nid_149.jpg', '2020-06-05 09:07:58', '2020-06-05 09:07:58', 'driver_photo/driver_149.jpg'),
(144, 150, 'license_photo/DL_150.jpg', '4814917206561', 'nid_photo/nid_150.jpg', '2020-06-05 09:14:18', '2020-06-05 09:14:18', 'driver_photo/driver_150.jpg'),
(145, 151, 'license_photo/DL_151.jpg', '4628931067', 'nid_photo/nid_151.jpg', '2020-06-05 22:01:39', '2020-06-05 22:01:39', 'driver_photo/driver_151.jpg'),
(146, 152, 'license_photo/DL_152.jpg', 'DK0376704T00005', 'nid_photo/nid_152.jpg', '2020-06-05 22:25:38', '2020-06-05 22:25:38', 'driver_photo/driver_152.jpg'),
(147, 153, 'license_photo/DL_153.jpg', 'DK0055365T00008', 'nid_photo/nid_153.jpg', '2020-06-05 22:40:07', '2020-06-05 22:40:07', 'driver_photo/driver_153.jpg'),
(148, 154, 'license_photo/DL_154.jpg', '4627858741', 'nid_photo/nid_154.jpg', '2020-06-05 22:44:49', '2020-06-05 22:44:49', 'driver_photo/driver_154.jpg'),
(149, 155, 'license_photo/DL_155.jpg', '1234567890', 'nid_photo/nid_155.jpg', '2020-06-05 22:55:19', '2020-06-05 22:55:19', 'driver_photo/driver_155.jpg'),
(150, 156, 'license_photo/DL_156.jpg', '1493348849', 'nid_photo/nid_156.jpg', '2020-06-05 23:11:16', '2020-06-05 23:11:16', 'driver_photo/driver_156.jpg'),
(151, 157, 'license_photo/DL_157.jpg', '3916128492452', 'nid_photo/nid_157.jpg', '2020-06-06 00:09:56', '2020-06-06 00:09:56', 'driver_photo/driver_157.jpg'),
(152, 158, 'license_photo/DL_158.jpg', 'GP0037639L00000', 'nid_photo/nid_158.jpg', '2020-06-06 00:20:12', '2020-06-06 00:20:12', 'driver_photo/driver_158.jpg'),
(153, 159, 'license_photo/DL_159.jpg', '1905138911', 'nid_photo/nid_159.jpg', '2020-06-06 00:32:53', '2020-06-06 00:32:53', 'driver_photo/driver_159.jpg'),
(154, 160, 'license_photo/DL_160.jpg', '3212183147423', 'nid_photo/nid_160.jpg', '2020-06-06 00:47:09', '2020-06-06 00:47:09', 'driver_photo/driver_160.jpg'),
(155, 161, 'license_photo/DL_161.jpg', '9317614035307', 'nid_photo/nid_161.jpg', '2020-06-06 05:57:33', '2020-06-06 05:57:33', 'driver_photo/driver_161.jpg'),
(156, 162, 'license_photo/DL_162.jpg', 'DK0546889T00006', 'nid_photo/nid_162.jpg', '2020-06-06 06:19:42', '2020-06-06 06:19:42', 'driver_photo/driver_162.jpg'),
(157, 163, 'license_photo/DL_163.jpg', '7329484617', 'nid_photo/nid_163.jpg', '2020-06-06 06:27:56', '2020-06-06 06:27:56', 'driver_photo/driver_163.jpg'),
(158, 164, 'license_photo/DL_164.jpg', '6112467425257', 'nid_photo/nid_164.jpg', '2020-06-07 06:28:56', '2020-06-07 06:28:56', 'driver_photo/driver_164.jpg'),
(159, 165, 'license_photo/DL_165.jpg', '261041390735', 'nid_photo/nid_165.jpg', '2020-06-07 06:38:29', '2020-06-07 06:38:29', 'driver_photo/driver_165.jpg'),
(160, 166, 'license_photo/DL_166.jpg', 'DK084036CL0001', 'nid_photo/nid_166.jpg', '2020-06-07 07:25:04', '2020-06-07 07:25:04', 'driver_photo/driver_166.jpg'),
(161, 167, '', '6427222820', '', '2020-06-12 21:51:35', '2020-06-12 21:51:35', '');

-- --------------------------------------------------------

--
-- Table structure for table `failed_jobs`
--

CREATE TABLE `failed_jobs` (
  `id` bigint(20) UNSIGNED NOT NULL,
  `connection` text COLLATE utf8_unicode_ci NOT NULL,
  `queue` text COLLATE utf8_unicode_ci NOT NULL,
  `payload` longtext COLLATE utf8_unicode_ci NOT NULL,
  `exception` longtext COLLATE utf8_unicode_ci NOT NULL,
  `failed_at` timestamp NOT NULL DEFAULT CURRENT_TIMESTAMP
) ENGINE=InnoDB DEFAULT CHARSET=utf8 COLLATE=utf8_unicode_ci;

-- --------------------------------------------------------

--
-- Table structure for table `incidents`
--

CREATE TABLE `incidents` (
  `id` bigint(20) UNSIGNED NOT NULL,
  `created_at` timestamp NULL DEFAULT NULL,
  `updated_at` timestamp NULL DEFAULT NULL,
  `case_id` bigint(20) DEFAULT NULL,
  `driver_id` bigint(20) DEFAULT NULL,
  `penalty` decimal(8,2) DEFAULT NULL,
  `due_amount` decimal(10,0) DEFAULT NULL,
  `law` varchar(255) COLLATE utf8_unicode_ci DEFAULT NULL,
  `doc_type` varchar(255) COLLATE utf8_unicode_ci DEFAULT NULL,
  `last_date` date DEFAULT NULL,
  `paid_by` varchar(255) COLLATE utf8_unicode_ci DEFAULT NULL,
  `rent_id` bigint(20) DEFAULT NULL,
  `doc_status` int(11) DEFAULT NULL,
  `payment_status` int(11) DEFAULT NULL,
  `vehicle_id` bigint(20) DEFAULT NULL
) ENGINE=InnoDB DEFAULT CHARSET=utf8 COLLATE=utf8_unicode_ci;

--
-- Dumping data for table `incidents`
--

INSERT INTO `incidents` (`id`, `created_at`, `updated_at`, `case_id`, `driver_id`, `penalty`, `due_amount`, `law`, `doc_type`, `last_date`, `paid_by`, `rent_id`, `doc_status`, `payment_status`, `vehicle_id`) VALUES
(2, '2020-07-22 10:24:21', '2020-07-25 17:18:10', 565545654, 26, '500.00', '500', '121', 'registration', '2020-08-12', 'driver', 18, 1, 1, NULL),
(3, '2020-07-22 15:18:21', '2020-07-25 20:00:43', 1254565, 26, '5000.00', '5000', '545', 'driving', '2020-08-13', 'driver', 16, 0, 1, NULL),
(4, '2020-07-23 12:19:07', '2020-07-25 20:01:29', 223532523, 20, '5000.00', '0', '321', 'driving', '2020-08-13', 'driver', 20, 1, 1, 6);

-- --------------------------------------------------------

--
-- Table structure for table `inventory_transactions`
--

CREATE TABLE `inventory_transactions` (
  `id` bigint(20) UNSIGNED NOT NULL,
  `transaction_id` bigint(20) DEFAULT NULL,
  `type` tinyint(1) NOT NULL,
  `sales_id` int(11) DEFAULT NULL,
  `purchase_id` int(11) DEFAULT NULL,
  `customer_id` int(11) DEFAULT NULL,
  `supplier_id` int(11) DEFAULT NULL,
  `subtotal` decimal(10,2) UNSIGNED NOT NULL,
  `payment` decimal(10,2) UNSIGNED NOT NULL,
  `mode` tinyint(1) NOT NULL,
  `balance` decimal(10,2) UNSIGNED NOT NULL,
  `due` decimal(10,2) UNSIGNED NOT NULL,
  `created_at` timestamp NULL DEFAULT NULL,
  `updated_at` timestamp NULL DEFAULT NULL,
  `deleted_at` timestamp NULL DEFAULT NULL
) ENGINE=InnoDB DEFAULT CHARSET=utf8 COLLATE=utf8_unicode_ci;

--
-- Dumping data for table `inventory_transactions`
--

INSERT INTO `inventory_transactions` (`id`, `transaction_id`, `type`, `sales_id`, `purchase_id`, `customer_id`, `supplier_id`, `subtotal`, `payment`, `mode`, `balance`, `due`, `created_at`, `updated_at`, `deleted_at`) VALUES
(6, 47, 1, NULL, 12, NULL, 3, '8000.00', '4000.00', 1, '0.00', '4000.00', '2020-06-29 01:08:55', '2020-06-29 01:08:55', NULL),
(7, 57, 1, NULL, 13, NULL, 3, '11000.00', '11000.00', 1, '0.00', '0.00', '2020-07-22 15:53:53', '2020-07-25 20:02:26', NULL),
(8, 59, 2, NULL, NULL, 4, NULL, '6620.00', '220.00', 1, '0.00', '6400.00', '2020-07-22 17:12:01', '2020-07-22 17:12:01', NULL),
(9, 60, 2, 27, NULL, 4, NULL, '6620.00', '20.00', 1, '0.00', '6600.00', '2020-07-22 17:16:15', '2020-07-22 17:16:15', NULL),
(10, 77, 2, 31, NULL, 5, NULL, '6550.00', '5000.00', 1, '0.00', '1550.00', '2020-07-25 11:46:52', '2020-07-25 11:46:52', NULL),
(11, 78, 2, 32, NULL, 6, NULL, '400.00', '400.00', 1, '0.00', '0.00', '2020-07-25 11:48:32', '2020-07-25 11:48:32', NULL),
(12, 79, 2, 33, NULL, 5, NULL, '2150.00', '2150.00', 1, '0.00', '0.00', '2020-07-25 12:07:51', '2020-07-25 14:17:13', NULL),
(13, 97, 1, NULL, 14, NULL, 3, '500.00', '50.00', 1, '0.00', '450.00', '2020-07-25 20:20:22', '2020-07-25 20:20:22', NULL),
(14, 98, 2, 34, NULL, 5, NULL, '4500.00', '4500.00', 1, '0.00', '0.00', '2020-07-25 20:21:07', '2020-07-25 20:21:07', NULL);

-- --------------------------------------------------------

--
-- Table structure for table `loans`
--

CREATE TABLE `loans` (
  `id` bigint(20) UNSIGNED NOT NULL,
  `amount` decimal(8,2) DEFAULT NULL,
  `due_amount` decimal(8,2) DEFAULT '0.00',
  `status` varchar(255) COLLATE utf8_unicode_ci NOT NULL,
  `driver_id` bigint(20) NOT NULL,
  `created_at` timestamp NULL DEFAULT NULL,
  `updated_at` timestamp NULL DEFAULT NULL
) ENGINE=InnoDB DEFAULT CHARSET=utf8 COLLATE=utf8_unicode_ci;

--
-- Dumping data for table `loans`
--

INSERT INTO `loans` (`id`, `amount`, `due_amount`, `status`, `driver_id`, `created_at`, `updated_at`) VALUES
(2, '5000.00', '2000.00', 'notPaid', 17, '2020-07-25 08:12:00', '2020-07-25 19:47:36'),
(5, '5222.00', '5222.00', 'notPaid', 17, '2020-07-25 19:55:10', '2020-07-25 19:55:10');

-- --------------------------------------------------------

--
-- Table structure for table `migrations`
--

CREATE TABLE `migrations` (
  `id` int(10) UNSIGNED NOT NULL,
  `migration` varchar(255) COLLATE utf8_unicode_ci NOT NULL,
  `batch` int(11) NOT NULL
) ENGINE=InnoDB DEFAULT CHARSET=utf8 COLLATE=utf8_unicode_ci;

--
-- Dumping data for table `migrations`
--

INSERT INTO `migrations` (`id`, `migration`, `batch`) VALUES
(1, '2014_10_12_000000_create_users_table', 1),
(2, '2014_10_12_100000_create_password_resets_table', 1),
(3, '2019_08_19_000000_create_failed_jobs_table', 1),
(4, '2019_12_02_151237_create_permission_tables', 1),
(9, '2019_12_09_120808_create_drivers_table', 2),
(10, '2019_12_09_121345_create_vehicles_table', 2),
(11, '2019_12_09_162758_create_incidents_table', 2),
(12, '2019_12_18_202719_create_rents_table', 2),
(13, '2020_02_03_095926_create_transactions_table', 3),
(14, '2020_02_08_203551_add_column_to_incidents', 4),
(15, '2020_02_09_053102_create_loans_table', 5),
(16, '2020_02_09_053141_create_damages_table', 5),
(29, '2020_02_16_081807_create_suppliers_table', 6),
(30, '2020_02_16_082030_create_categories_table', 6),
(31, '2020_02_16_115705_create_purchase_details_table', 6),
(32, '2020_02_16_115738_create_purchase_product_lists_table', 6),
(33, '2020_02_16_115801_create_sales_details_table', 6),
(34, '2020_02_16_115818_create_sales_product_lists_table', 6),
(35, '2020_02_16_115841_create_stock_details_table', 6),
(36, '2020_02_16_115857_create_stock_sales_table', 6),
(37, '2020_02_16_115919_create_stock_units_details_table', 6),
(38, '2020_02_20_092634_create_inventory_transactions_table', 7),
(42, '2020_02_26_101031_add_discount_to_rents', 8),
(43, '2020_03_01_011342_create_driver_photos_table', 8),
(46, '2020_03_01_052356_remove_registration_validity_from_vehicles', 9),
(47, '2020_03_01_052641_add_asset_value_to_vehicles', 9),
(48, '2020_03_01_053438_create_vehicle_details_table', 10),
(49, '2020_03_01_063629_add_driver_photo_to_driver_details', 11),
(50, '2020_03_01_063700_add_tax_validity_to_vehicles', 11),
(51, '2020_04_23_064130_create_customer_details_table', 11),
(53, '2020_05_17_191729_add_rent_status_to_rents_table', 12),
(54, '2020_05_17_193821_add_rent_status_to_drivers_table', 13),
(55, '2020_05_18_222216_add_details_to_damages_table', 14),
(56, '2020_05_19_103813_add_gate_pass_to_rents_table', 15),
(57, '2020_05_19_232428_add_driver_damage_to_damages_table', 16),
(59, '2020_05_20_020056_add_salesdeails_to_transactions_table', 17),
(60, '2020_07_14_105207_create_owners_table', 18),
(61, '2020_07_21_184716_add_route_permit_to_vehicles', 19),
(62, '2020_07_21_190853_add_route_permit_to_vehicle_details', 20),
(64, '2020_07_23_162738_add_history_to_rents_table', 21),
(65, '2020_07_23_165514_add_vehicle_to_incidents_table', 21);

-- --------------------------------------------------------

--
-- Table structure for table `model_has_permissions`
--

CREATE TABLE `model_has_permissions` (
  `permission_id` bigint(20) UNSIGNED NOT NULL,
  `model_type` varchar(255) COLLATE utf8_unicode_ci NOT NULL,
  `model_id` bigint(20) UNSIGNED NOT NULL
) ENGINE=InnoDB DEFAULT CHARSET=utf8 COLLATE=utf8_unicode_ci;

-- --------------------------------------------------------

--
-- Table structure for table `model_has_roles`
--

CREATE TABLE `model_has_roles` (
  `role_id` bigint(20) UNSIGNED NOT NULL,
  `model_type` varchar(255) COLLATE utf8_unicode_ci NOT NULL,
  `model_id` bigint(20) UNSIGNED NOT NULL
) ENGINE=InnoDB DEFAULT CHARSET=utf8 COLLATE=utf8_unicode_ci;

--
-- Dumping data for table `model_has_roles`
--

INSERT INTO `model_has_roles` (`role_id`, `model_type`, `model_id`) VALUES
(1, 'App\\User', 1);

-- --------------------------------------------------------

--
-- Table structure for table `owners`
--

CREATE TABLE `owners` (
  `id` bigint(20) UNSIGNED NOT NULL,
  `user_id` bigint(20) NOT NULL,
  `phone_number` varchar(255) COLLATE utf8_unicode_ci DEFAULT NULL,
  `photo` varchar(255) COLLATE utf8_unicode_ci DEFAULT NULL,
  `created_at` timestamp NULL DEFAULT NULL,
  `updated_at` timestamp NULL DEFAULT NULL
) ENGINE=InnoDB DEFAULT CHARSET=utf8 COLLATE=utf8_unicode_ci;

--
-- Dumping data for table `owners`
--

INSERT INTO `owners` (`id`, `user_id`, `phone_number`, `photo`, `created_at`, `updated_at`) VALUES
(1, 181, '01672228955', '', '2020-07-25 17:34:39', '2020-07-25 17:34:39');

-- --------------------------------------------------------

--
-- Table structure for table `password_resets`
--

CREATE TABLE `password_resets` (
  `email` varchar(255) COLLATE utf8_unicode_ci NOT NULL,
  `token` varchar(255) COLLATE utf8_unicode_ci NOT NULL,
  `created_at` timestamp NULL DEFAULT NULL
) ENGINE=InnoDB DEFAULT CHARSET=utf8 COLLATE=utf8_unicode_ci;

-- --------------------------------------------------------

--
-- Table structure for table `permissions`
--

CREATE TABLE `permissions` (
  `id` bigint(20) UNSIGNED NOT NULL,
  `name` varchar(255) COLLATE utf8_unicode_ci NOT NULL,
  `guard_name` varchar(255) COLLATE utf8_unicode_ci NOT NULL,
  `created_at` timestamp NULL DEFAULT NULL,
  `updated_at` timestamp NULL DEFAULT NULL
) ENGINE=InnoDB DEFAULT CHARSET=utf8 COLLATE=utf8_unicode_ci;

--
-- Dumping data for table `permissions`
--

INSERT INTO `permissions` (`id`, `name`, `guard_name`, `created_at`, `updated_at`) VALUES
(1, 'view_users', 'web', '2019-12-08 06:06:20', '2019-12-08 06:06:20'),
(2, 'add_users', 'web', '2019-12-08 06:06:20', '2019-12-08 06:06:20'),
(3, 'edit_users', 'web', '2019-12-08 06:06:20', '2019-12-08 06:06:20'),
(4, 'delete_users', 'web', '2019-12-08 06:06:20', '2019-12-08 06:06:20'),
(5, 'view_roles', 'web', '2019-12-08 06:06:20', '2019-12-08 06:06:20'),
(6, 'add_roles', 'web', '2019-12-08 06:06:20', '2019-12-08 06:06:20'),
(7, 'edit_roles', 'web', '2019-12-08 06:06:20', '2019-12-08 06:06:20'),
(8, 'delete_roles', 'web', '2019-12-08 06:06:20', '2019-12-08 06:06:20');

-- --------------------------------------------------------

--
-- Table structure for table `purchase_details`
--

CREATE TABLE `purchase_details` (
  `id` bigint(20) UNSIGNED NOT NULL,
  `supplier_id` int(11) NOT NULL,
  `supplier_name` varchar(260) COLLATE utf8_unicode_ci NOT NULL,
  `supplier_address` varchar(260) COLLATE utf8_unicode_ci NOT NULL,
  `supplier_contact1` bigint(20) NOT NULL,
  `opening_due` decimal(10,2) UNSIGNED NOT NULL,
  `opening_balance` decimal(10,2) UNSIGNED NOT NULL,
  `purchase_total` decimal(10,2) UNSIGNED NOT NULL,
  `discount_percent` decimal(10,2) UNSIGNED NOT NULL,
  `discount_amount` decimal(10,2) UNSIGNED NOT NULL,
  `tax_description` varchar(255) COLLATE utf8_unicode_ci DEFAULT NULL,
  `tax_percent` decimal(10,2) UNSIGNED NOT NULL,
  `tax_amount` decimal(10,2) UNSIGNED NOT NULL,
  `description` varchar(255) COLLATE utf8_unicode_ci DEFAULT NULL,
  `grand_total` decimal(10,2) UNSIGNED NOT NULL,
  `payment` decimal(10,2) UNSIGNED NOT NULL,
  `closing_due` decimal(10,2) UNSIGNED NOT NULL,
  `closing_balance` decimal(10,2) UNSIGNED NOT NULL,
  `mode` tinyint(1) NOT NULL,
  `billnumber` varchar(120) COLLATE utf8_unicode_ci DEFAULT NULL,
  `billdate` date DEFAULT NULL,
  `created_at` timestamp NULL DEFAULT NULL,
  `updated_at` timestamp NULL DEFAULT NULL,
  `deleted_at` timestamp NULL DEFAULT NULL,
  `purchase_date` date DEFAULT NULL
) ENGINE=InnoDB DEFAULT CHARSET=utf8 COLLATE=utf8_unicode_ci;

--
-- Dumping data for table `purchase_details`
--

INSERT INTO `purchase_details` (`id`, `supplier_id`, `supplier_name`, `supplier_address`, `supplier_contact1`, `opening_due`, `opening_balance`, `purchase_total`, `discount_percent`, `discount_amount`, `tax_description`, `tax_percent`, `tax_amount`, `description`, `grand_total`, `payment`, `closing_due`, `closing_balance`, `mode`, `billnumber`, `billdate`, `created_at`, `updated_at`, `deleted_at`, `purchase_date`) VALUES
(12, 3, 'M/S. DELWAR AUTO TRADERS', '১৯/১, ১৯/১, বি, সি, সি রোড, ঠাটারি বাজার,ঢাকা-১২০৩', 1711136165, '0.00', '0.00', '8000.00', '0.00', '0.00', NULL, '0.00', '0.00', NULL, '8000.00', '4000.00', '4000.00', '0.00', 1, NULL, NULL, '2020-06-29 01:08:54', '2020-06-29 01:08:54', NULL, '2020-06-29'),
(13, 3, 'M/S. DELWAR AUTO TRADERS', '১৯/১, ১৯/১, বি, সি, সি রোড, ঠাটারি বাজার,ঢাকা-১২০৩', 1711136165, '4000.00', '0.00', '7000.00', '0.00', '0.00', NULL, '0.00', '0.00', NULL, '11000.00', '11000.00', '0.00', '0.00', 1, NULL, NULL, '2020-07-22 15:53:53', '2020-07-25 20:02:26', NULL, '2020-07-22'),
(14, 3, 'M/S. DELWAR AUTO TRADERS', '১৯/১, ১৯/১, বি, সি, সি রোড, ঠাটারি বাজার,ঢাকা-১২০৩', 1711136165, '0.00', '0.00', '500.00', '0.00', '0.00', NULL, '0.00', '0.00', NULL, '500.00', '50.00', '450.00', '0.00', 1, NULL, NULL, '2020-07-25 20:20:22', '2020-07-25 20:20:22', NULL, '2020-07-26');

-- --------------------------------------------------------

--
-- Table structure for table `purchase_product_lists`
--

CREATE TABLE `purchase_product_lists` (
  `purchase_product_id` bigint(20) UNSIGNED NOT NULL,
  `purchase_id` int(11) NOT NULL,
  `category_name` varchar(32) COLLATE utf8_unicode_ci NOT NULL,
  `category_id` int(11) NOT NULL,
  `stock_id` int(11) NOT NULL,
  `purchase_cost` double(10,2) UNSIGNED DEFAULT NULL,
  `selling_cost` double(10,2) UNSIGNED DEFAULT NULL,
  `opening_stock` int(10) UNSIGNED NOT NULL,
  `closing_stock` int(10) UNSIGNED NOT NULL,
  `purchase_quantity` int(10) UNSIGNED NOT NULL,
  `sub_total` double(10,2) UNSIGNED DEFAULT NULL,
  `created_at` timestamp NULL DEFAULT NULL,
  `updated_at` timestamp NULL DEFAULT NULL,
  `deleted_at` timestamp NULL DEFAULT NULL
) ENGINE=InnoDB DEFAULT CHARSET=utf8 COLLATE=utf8_unicode_ci;

--
-- Dumping data for table `purchase_product_lists`
--

INSERT INTO `purchase_product_lists` (`purchase_product_id`, `purchase_id`, `category_name`, `category_id`, `stock_id`, `purchase_cost`, `selling_cost`, `opening_stock`, `closing_stock`, `purchase_quantity`, `sub_total`, `created_at`, `updated_at`, `deleted_at`) VALUES
(9, 12, 'PLUG', 16, 40, 80.00, NULL, 8, 108, 100, 8000.00, NULL, NULL, NULL),
(11, 13, 'BOKET', 7, 26, 140.00, NULL, 17, 67, 50, 7000.00, NULL, NULL, NULL),
(12, 14, 'Nuts', 2, 234, 10.00, NULL, 45, 95, 50, 500.00, NULL, NULL, NULL);

-- --------------------------------------------------------

--
-- Table structure for table `rents`
--

CREATE TABLE `rents` (
  `id` bigint(20) UNSIGNED NOT NULL,
  `driver_id` bigint(20) NOT NULL,
  `vehicle_id` bigint(20) NOT NULL,
  `rent_type` int(11) NOT NULL,
  `start_time` time NOT NULL,
  `end_time` time DEFAULT NULL,
  `rent_date` date NOT NULL,
  `rent` double(8,2) DEFAULT NULL,
  `collection` double(8,2) DEFAULT NULL,
  `due` double(8,2) DEFAULT NULL,
  `remarks` varchar(255) COLLATE utf8_unicode_ci DEFAULT NULL,
  `damage_type` varchar(255) COLLATE utf8_unicode_ci DEFAULT NULL,
  `damage_amount` double(8,2) DEFAULT NULL,
  `paid_by` varchar(255) COLLATE utf8_unicode_ci DEFAULT NULL,
  `created_at` timestamp NULL DEFAULT NULL,
  `updated_at` timestamp NULL DEFAULT NULL,
  `discount` decimal(8,2) NOT NULL DEFAULT '0.00',
  `gate_pass` decimal(8,2) DEFAULT '0.00',
  `total_collectable` decimal(8,2) DEFAULT '0.00',
  `status` tinyint(1) NOT NULL DEFAULT '0',
  `amount_collected` decimal(8,2) NOT NULL DEFAULT '0.00',
  `amount_remained` decimal(8,2) NOT NULL DEFAULT '0.00',
  `damage_id` bigint(20) DEFAULT NULL,
  `incident_id` bigint(20) DEFAULT NULL
) ENGINE=InnoDB DEFAULT CHARSET=utf8 COLLATE=utf8_unicode_ci;

--
-- Dumping data for table `rents`
--

INSERT INTO `rents` (`id`, `driver_id`, `vehicle_id`, `rent_type`, `start_time`, `end_time`, `rent_date`, `rent`, `collection`, `due`, `remarks`, `damage_type`, `damage_amount`, `paid_by`, `created_at`, `updated_at`, `discount`, `gate_pass`, `total_collectable`, `status`, `amount_collected`, `amount_remained`, `damage_id`, `incident_id`) VALUES
(16, 26, 6, 2, '00:00:04', '03:18:21', '2020-02-01', 500.00, 500.00, 0.00, NULL, NULL, NULL, NULL, '2020-05-20 04:15:16', '2020-07-22 15:18:21', '20.00', '20.00', '520.00', 1, '0.00', '0.00', NULL, NULL),
(17, 19, 40, 3, '16:45:00', '22:37:32', '2020-05-20', 1000.00, 1020.00, 0.00, NULL, NULL, NULL, NULL, '2020-05-20 04:46:22', '2020-07-23 10:37:32', '0.00', '20.00', '1020.00', 1, '0.00', '0.00', NULL, NULL),
(18, 17, 9, 3, '09:15:00', '22:24:21', '2020-07-20', 1000.00, 480.00, 540.00, NULL, NULL, NULL, NULL, '2020-05-23 21:01:29', '2020-07-23 10:07:48', '0.00', '20.00', '1020.00', 1, '0.00', '0.00', NULL, NULL),
(20, 20, 5, 3, '16:47:00', '00:19:06', '2020-07-21', 1000.00, 1020.00, 0.00, NULL, NULL, NULL, NULL, '2020-07-19 15:47:49', '2020-07-23 12:19:07', '0.00', '20.00', '1020.00', 1, '1020.00', '0.00', 11, 4),
(21, 48, 4, 3, '19:56:00', '19:59:45', '2020-07-19', 1000.00, 800.00, 220.00, NULL, NULL, NULL, NULL, '2020-07-19 18:57:43', '2020-07-19 18:59:45', '0.00', '20.00', '1020.00', 1, '0.00', '0.00', NULL, NULL),
(22, 17, 4, 3, '22:04:00', '22:07:48', '2020-07-23', 1000.00, 1500.00, 0.00, NULL, NULL, NULL, NULL, '2020-07-23 10:06:04', '2020-07-23 10:07:48', '0.00', '20.00', '1020.00', 1, '1500.00', '-420.00', NULL, NULL),
(23, 17, 4, 3, '20:02:00', '20:04:47', '2020-07-23', 1000.00, 1020.00, 0.00, NULL, NULL, NULL, NULL, '2020-07-25 08:04:20', '2020-07-25 08:04:47', '0.00', '20.00', '1020.00', 1, '1020.00', '0.00', NULL, NULL),
(24, 17, 4, 3, '20:06:00', '20:06:29', '2020-07-25', 1000.00, 1020.00, 0.00, NULL, NULL, NULL, NULL, '2020-07-25 08:06:18', '2020-07-25 08:06:29', '0.00', '20.00', '1020.00', 1, '1020.00', '0.00', NULL, NULL),
(25, 17, 4, 3, '20:24:00', '20:25:15', '2020-07-25', 1000.00, 1020.00, 0.00, NULL, NULL, NULL, NULL, '2020-07-25 08:25:06', '2020-07-25 08:25:15', '0.00', '20.00', '1020.00', 1, '1020.00', '0.00', NULL, NULL),
(26, 17, 4, 3, '05:27:00', '05:28:44', '2020-07-26', 1000.00, 500.00, 520.00, NULL, NULL, NULL, NULL, '2020-07-25 17:28:01', '2020-07-25 17:28:44', '0.00', '20.00', '1020.00', 1, '500.00', '520.00', 12, NULL);

-- --------------------------------------------------------

--
-- Table structure for table `roles`
--

CREATE TABLE `roles` (
  `id` bigint(20) UNSIGNED NOT NULL,
  `name` varchar(255) COLLATE utf8_unicode_ci NOT NULL,
  `guard_name` varchar(255) COLLATE utf8_unicode_ci NOT NULL,
  `created_at` timestamp NULL DEFAULT NULL,
  `updated_at` timestamp NULL DEFAULT NULL
) ENGINE=InnoDB DEFAULT CHARSET=utf8 COLLATE=utf8_unicode_ci;

--
-- Dumping data for table `roles`
--

INSERT INTO `roles` (`id`, `name`, `guard_name`, `created_at`, `updated_at`) VALUES
(1, 'Admin', 'web', NULL, NULL),
(2, 'User', 'web', NULL, NULL);

-- --------------------------------------------------------

--
-- Table structure for table `role_has_permissions`
--

CREATE TABLE `role_has_permissions` (
  `permission_id` bigint(20) UNSIGNED NOT NULL,
  `role_id` bigint(20) UNSIGNED NOT NULL
) ENGINE=InnoDB DEFAULT CHARSET=utf8 COLLATE=utf8_unicode_ci;

-- --------------------------------------------------------

--
-- Table structure for table `sales_details`
--

CREATE TABLE `sales_details` (
  `id` bigint(20) UNSIGNED NOT NULL,
  `vehicle_id` bigint(20) DEFAULT NULL,
  `customer_id` int(11) NOT NULL,
  `customer_name` varchar(64) COLLATE utf8_unicode_ci NOT NULL,
  `customer_address` varchar(260) COLLATE utf8_unicode_ci NOT NULL,
  `customer_contact1` varchar(250) COLLATE utf8_unicode_ci NOT NULL,
  `opening_balance` double(10,2) UNSIGNED NOT NULL,
  `opening_due` double(10,2) UNSIGNED NOT NULL,
  `sales_total` double(10,2) UNSIGNED NOT NULL,
  `discount_percent` double(10,2) UNSIGNED NOT NULL,
  `discount_amount` double(10,2) UNSIGNED NOT NULL,
  `tax_description` varchar(255) COLLATE utf8_unicode_ci DEFAULT NULL,
  `tax_percent` double(10,2) UNSIGNED NOT NULL,
  `tax_amount` double(10,2) UNSIGNED NOT NULL,
  `sales_description` varchar(255) COLLATE utf8_unicode_ci DEFAULT NULL,
  `grand_total` double(10,2) UNSIGNED NOT NULL,
  `payment` double(10,2) UNSIGNED NOT NULL,
  `closing_balance` double(10,2) UNSIGNED NOT NULL,
  `closing_due` double(10,2) UNSIGNED NOT NULL,
  `mode` tinyint(1) NOT NULL,
  `billnumber` varchar(120) COLLATE utf8_unicode_ci DEFAULT NULL,
  `billdate` date DEFAULT NULL,
  `created_at` timestamp NULL DEFAULT NULL,
  `updated_at` timestamp NULL DEFAULT NULL,
  `deleted_at` timestamp NULL DEFAULT NULL,
  `sales_date` date DEFAULT NULL
) ENGINE=InnoDB DEFAULT CHARSET=utf8 COLLATE=utf8_unicode_ci;

--
-- Dumping data for table `sales_details`
--

INSERT INTO `sales_details` (`id`, `vehicle_id`, `customer_id`, `customer_name`, `customer_address`, `customer_contact1`, `opening_balance`, `opening_due`, `sales_total`, `discount_percent`, `discount_amount`, `tax_description`, `tax_percent`, `tax_amount`, `sales_description`, `grand_total`, `payment`, `closing_balance`, `closing_due`, `mode`, `billnumber`, `billdate`, `created_at`, `updated_at`, `deleted_at`, `sales_date`) VALUES
(17, NULL, 4, 'Bipon', '123 Gulshan Road', '01672228955', 0.00, 0.00, 300.00, 0.00, 0.00, NULL, 0.00, 0.00, NULL, 300.00, 100.00, 0.00, 200.00, 1, NULL, NULL, '2020-06-25 04:29:11', '2020-06-25 04:29:11', NULL, '2020-06-25'),
(18, NULL, 4, 'Bipon', '123 Gulshan Road', '1672228955', 0.00, 200.00, 400.00, 0.00, 0.00, NULL, 0.00, 0.00, NULL, 600.00, 600.00, 0.00, 0.00, 1, NULL, NULL, '2020-06-25 04:36:12', '2020-06-25 04:36:12', NULL, '2020-06-25'),
(19, NULL, 4, 'Bipon', '123 Gulshan Road', '1672228955', 0.00, 0.00, 800.00, 0.00, 0.00, NULL, 0.00, 0.00, NULL, 800.00, 400.00, 0.00, 400.00, 1, NULL, NULL, '2020-06-25 22:47:19', '2020-06-25 22:47:19', NULL, '2020-06-26'),
(20, NULL, 5, 'BADOL BABU', 'bbb', '1921398006', 0.00, 0.00, 250.00, 0.00, 0.00, NULL, 0.00, 0.00, NULL, 250.00, 100.00, 0.00, 150.00, 1, NULL, NULL, '2020-07-07 08:32:17', '2020-07-07 08:32:17', NULL, '2020-07-07'),
(24, NULL, 4, 'Bipon', '123 Gulshan Road', '1672228955', 0.00, 400.00, 11000.00, 0.00, 0.00, NULL, 0.00, 0.00, NULL, 11400.00, 5000.00, 0.00, 6400.00, 1, NULL, NULL, '2020-07-22 17:00:08', '2020-07-22 17:00:08', NULL, '2020-07-22'),
(25, NULL, 4, 'Bipon', '123 Gulshan Road', '1672228955', 0.00, 6400.00, 220.00, 0.00, 0.00, NULL, 0.00, 0.00, NULL, 6620.00, 220.00, 0.00, 6400.00, 1, NULL, NULL, '2020-07-22 17:10:39', '2020-07-22 17:10:39', NULL, '2020-07-22'),
(26, NULL, 4, 'Bipon', '123 Gulshan Road', '1672228955', 0.00, 6400.00, 220.00, 0.00, 0.00, NULL, 0.00, 0.00, NULL, 6620.00, 220.00, 0.00, 6400.00, 1, NULL, NULL, '2020-07-22 17:12:00', '2020-07-22 17:12:00', NULL, '2020-07-22'),
(27, 6, 4, 'Bipon', '123 Gulshan Road', '1672228955', 0.00, 6400.00, 220.00, 0.00, 0.00, NULL, 0.00, 0.00, NULL, 6620.00, 20.00, 0.00, 6600.00, 1, NULL, NULL, '2020-07-22 17:16:14', '2020-07-22 17:16:14', NULL, '2020-07-22'),
(28, 6, 1, 'CNG', '123 Gulshan Road', '1672228955', 0.00, 6600.00, 440.00, 0.00, 0.00, NULL, 0.00, 0.00, NULL, 7040.00, 0.00, 0.00, 7040.00, 1, NULL, NULL, '2020-07-22 22:25:55', '2020-07-22 22:25:55', NULL, '2020-07-23'),
(29, 6, 1, 'CNG', '123 Gulshan Road', '1672228955', 0.00, 7040.00, 240.00, 0.00, 0.00, NULL, 0.00, 0.00, NULL, 7280.00, 0.00, 0.00, 7280.00, 1, NULL, NULL, '2020-07-24 12:02:39', '2020-07-24 12:02:39', NULL, '2020-07-24'),
(30, 6, 1, 'CNG', '123 Gulshan Road', '1672228955', 0.00, 7280.00, 450.00, 0.00, 0.00, NULL, 0.00, 0.00, NULL, 7730.00, 0.00, 0.00, 7730.00, 1, NULL, NULL, '2020-07-24 12:19:47', '2020-07-24 12:19:47', NULL, '2020-07-24'),
(31, NULL, 5, 'BADOL BABU', 'bbb', '01921398006', 0.00, 150.00, 6400.00, 0.00, 0.00, NULL, 0.00, 0.00, NULL, 6550.00, 5000.00, 0.00, 1550.00, 1, NULL, NULL, '2020-07-25 11:46:52', '2020-07-25 11:46:52', NULL, '2020-07-25'),
(32, NULL, 6, 'vbn', 'dffhhh', '01672228955', 0.00, 0.00, 400.00, 0.00, 0.00, NULL, 0.00, 0.00, NULL, 400.00, 400.00, 0.00, 0.00, 1, NULL, NULL, '2020-07-25 11:48:32', '2020-07-25 11:48:32', NULL, '2020-07-25'),
(33, NULL, 5, 'BADOL BABU', 'bbb', '01921398006', 0.00, 1550.00, 600.00, 0.00, 0.00, NULL, 0.00, 0.00, NULL, 2150.00, 2150.00, 0.00, 0.00, 1, NULL, NULL, '2020-07-25 12:07:51', '2020-07-25 14:17:13', NULL, '2020-07-25'),
(34, NULL, 5, 'BADOL BABU', 'bbb', '01921398006', 0.00, 0.00, 4500.00, 0.00, 0.00, NULL, 0.00, 0.00, NULL, 4500.00, 4500.00, 0.00, 0.00, 1, NULL, NULL, '2020-07-25 20:21:06', '2020-07-25 20:21:06', NULL, '2020-07-26');

-- --------------------------------------------------------

--
-- Table structure for table `sales_product_lists`
--

CREATE TABLE `sales_product_lists` (
  `sales_product_id` bigint(20) UNSIGNED NOT NULL,
  `sales_id` int(11) NOT NULL,
  `category_name` varchar(32) COLLATE utf8_unicode_ci NOT NULL,
  `category_id` int(11) NOT NULL,
  `stock_id` int(11) NOT NULL,
  `purchase_cost` double(10,2) UNSIGNED DEFAULT NULL,
  `selling_cost` double(10,2) UNSIGNED DEFAULT NULL,
  `opening_stock` int(10) UNSIGNED NOT NULL,
  `closing_stock` int(10) UNSIGNED NOT NULL,
  `sales_quantity` int(10) UNSIGNED NOT NULL,
  `sub_total` double(10,2) UNSIGNED DEFAULT NULL,
  `created_at` timestamp NULL DEFAULT NULL,
  `updated_at` timestamp NULL DEFAULT NULL,
  `deleted_at` timestamp NULL DEFAULT NULL
) ENGINE=InnoDB DEFAULT CHARSET=utf8 COLLATE=utf8_unicode_ci;

--
-- Dumping data for table `sales_product_lists`
--

INSERT INTO `sales_product_lists` (`sales_product_id`, `sales_id`, `category_name`, `category_id`, `stock_id`, `purchase_cost`, `selling_cost`, `opening_stock`, `closing_stock`, `sales_quantity`, `sub_total`, `created_at`, `updated_at`, `deleted_at`) VALUES
(9, 17, 'AUTO ADJUST', 8, 28, 90.00, 150.00, 5, 3, 2, 300.00, NULL, NULL, NULL),
(10, 18, 'AUTO ADJUST', 8, 28, 90.00, 200.00, 3, 1, 2, 400.00, NULL, NULL, NULL),
(11, 19, 'ARMATURE', 4, 9, 680.00, 800.00, 9, 8, 1, 800.00, NULL, NULL, NULL),
(12, 20, 'Nuts', 2, 165, 180.00, 250.00, 4, 3, 1, 250.00, NULL, NULL, NULL),
(14, 24, 'BOKET', 7, 26, 140.00, 220.00, 67, 17, 50, 11000.00, NULL, NULL, NULL),
(15, 25, 'BOKET', 7, 26, 140.00, 220.00, 17, 16, 1, 220.00, NULL, NULL, NULL),
(16, 26, 'BOKET', 7, 26, 140.00, 220.00, 17, 16, 1, 220.00, NULL, NULL, NULL),
(17, 27, 'BOKET', 7, 26, 140.00, 220.00, 16, 15, 1, 220.00, NULL, NULL, NULL),
(18, 28, 'BOKET', 7, 26, 140.00, 220.00, 15, 13, 1, 440.00, NULL, NULL, NULL),
(19, 29, 'BOKET', 7, 27, 90.00, 150.00, 3, 2, 1, 150.00, NULL, NULL, NULL),
(20, 29, 'Nuts', 2, 98, 14.00, 30.00, 3, 0, 3, 90.00, NULL, NULL, NULL),
(21, 30, 'BOKET', 7, 27, 90.00, 150.00, 2, 1, 1, 150.00, NULL, NULL, NULL),
(22, 30, 'Nuts', 2, 198, 12.00, 30.00, 25, 15, 10, 300.00, NULL, NULL, NULL),
(23, 31, 'ARMATURE', 4, 9, 680.00, 800.00, 8, 0, 8, 6400.00, NULL, NULL, NULL),
(24, 32, 'KOVER', 96, 225, 65.00, 100.00, 4, 0, 4, 400.00, NULL, NULL, NULL),
(25, 33, 'BEARINGS', 3, 19, 70.00, 150.00, 14, 10, 4, 600.00, NULL, NULL, NULL),
(26, 34, 'Nuts', 2, 234, 10.00, 50.00, 95, 5, 90, 4500.00, NULL, NULL, NULL);

-- --------------------------------------------------------

--
-- Table structure for table `stock_details`
--

CREATE TABLE `stock_details` (
  `id` bigint(20) UNSIGNED NOT NULL,
  `stock_name` varchar(120) COLLATE utf8_unicode_ci NOT NULL,
  `category_id` int(11) NOT NULL,
  `category_name` varchar(120) COLLATE utf8_unicode_ci DEFAULT NULL,
  `purchase_cost` decimal(10,0) UNSIGNED DEFAULT '0',
  `selling_cost` decimal(10,0) UNSIGNED DEFAULT '0',
  `supplier_id` int(10) UNSIGNED NOT NULL,
  `supplier_name` varchar(120) COLLATE utf8_unicode_ci DEFAULT NULL,
  `stock_quantity` int(10) UNSIGNED NOT NULL DEFAULT '0',
  `created_at` timestamp NULL DEFAULT NULL,
  `updated_at` timestamp NULL DEFAULT NULL,
  `deleted_at` timestamp NULL DEFAULT NULL
) ENGINE=InnoDB DEFAULT CHARSET=utf8 COLLATE=utf8_unicode_ci;

--
-- Dumping data for table `stock_details`
--

INSERT INTO `stock_details` (`id`, `stock_name`, `category_id`, `category_name`, `purchase_cost`, `selling_cost`, `supplier_id`, `supplier_name`, `stock_quantity`, `created_at`, `updated_at`, `deleted_at`) VALUES
(7, 'Number 10', 2, 'Nuts', '8', '12', 0, '- Multiple suppliers -', 200, '2020-05-20 04:35:01', '2020-05-20 04:35:01', NULL),
(8, 'NACHI 6004CM', 3, 'BEARINGS', '150', '200', 0, '- Multiple suppliers -', 20, '2020-05-20 04:39:24', '2020-05-20 04:39:24', NULL),
(9, 'ARMATURE-225 N/M', 4, 'ARMATURE', '680', '800', 0, '- Multiple suppliers -', 0, '2020-05-23 20:47:24', '2020-07-25 11:46:52', NULL),
(10, 'NACHI 6005 CM', 3, 'BEARINGS', '135', '250', 0, '- Multiple suppliers -', 17, '2020-05-23 20:50:46', '2020-05-23 20:50:46', NULL),
(11, 'NACHI 6305 CM', 3, 'BEARINGS', '180', '300', 0, '- Multiple suppliers -', 3, '2020-05-23 20:53:39', '2020-05-23 20:53:39', NULL),
(12, 'NACHI 16007CM', 3, 'BEARINGS', '80', '150', 0, '- Multiple suppliers -', 8, '2020-05-23 20:55:46', '2020-05-23 20:55:46', NULL),
(13, 'NACHI 63/28 CM', 3, 'BEARINGS', '320', '450', 0, '- Multiple suppliers -', 11, '2020-05-23 20:58:46', '2020-05-23 20:58:46', NULL),
(14, 'NACHI 6301CM', 3, 'BEARINGS', '60', '120', 0, '- Multiple suppliers -', 7, '2020-05-23 21:52:34', '2020-05-23 21:52:34', NULL),
(15, 'NACHI 6302CM', 3, 'BEARINGS', '65', '120', 0, '- Multiple suppliers -', 9, '2020-05-23 21:53:46', '2020-05-23 21:53:46', NULL),
(16, 'NACHI 6304CM', 3, 'BEARINGS', '125', '180', 0, '- Multiple suppliers -', 5, '2020-05-23 21:54:47', '2020-05-23 21:54:47', NULL),
(17, 'NACHI 6204CM', 3, 'BEARINGS', '130', '220', 0, '- Multiple suppliers -', 20, '2020-05-23 21:55:56', '2020-05-23 21:55:56', NULL),
(18, 'BAJAJ 6004 CM', 3, 'BEARINGS', '115', '200', 0, '- Multiple suppliers -', 14, '2020-05-23 22:00:55', '2020-05-23 22:00:55', NULL),
(19, 'NACHI 6203 CM', 3, 'BEARINGS', '70', '150', 0, '- Multiple suppliers -', 10, '2020-05-23 22:03:36', '2020-07-25 12:07:51', NULL),
(20, 'NACHI 6002 CM', 3, 'BEARINGS', '65', '120', 0, '- Multiple suppliers -', 27, '2020-05-23 22:04:29', '2020-05-23 22:04:29', NULL),
(21, '6004CM (NIS)', 3, 'BEARINGS', '130', '250', 0, '- Multiple suppliers -', 20, '2020-05-23 22:06:20', '2020-05-23 22:06:20', NULL),
(22, '188 ROLAR BEARINGS', 3, 'BEARINGS', '90', '150', 0, '- Multiple suppliers -', 10, '2020-05-23 22:09:10', '2020-05-23 22:09:10', NULL),
(23, 'ROLAR BEARING', 3, 'BEARINGS', '170', '350', 0, '- Multiple suppliers -', 3, '2020-05-23 22:16:10', '2020-05-23 22:16:10', NULL),
(24, 'HEAD-BAJAJ-225CC', 5, 'HEAD', '2500', '3000', 0, '- Multiple suppliers -', 1, '2020-05-23 22:23:45', '2020-05-23 22:23:45', NULL),
(25, 'Carburator Piston-225cc', 6, 'CARBURATOR PISTON', '65', '120', 0, '- Multiple suppliers -', 12, '2020-05-23 22:31:43', '2020-05-23 22:31:43', NULL),
(26, 'Master cylindar boket KBX', 7, 'BOKET', '140', '220', 0, '- Multiple suppliers -', 13, '2020-05-23 22:48:32', '2020-07-22 22:25:56', NULL),
(27, 'Master cylindar boket END', 7, 'BOKET', '90', '150', 0, '- Multiple suppliers -', 1, '2020-05-23 22:50:08', '2020-07-24 12:19:47', NULL),
(28, 'AUTO ADJUST FRONT', 8, 'AUTO ADJUST', '90', '150', 0, '- Multiple suppliers -', 1, '2020-05-23 22:59:14', '2020-06-25 04:36:12', NULL),
(29, 'AUTO ADJUST BACK', 8, 'AUTO ADJUST', '90', '150', 0, '- Multiple suppliers -', 19, '2020-05-23 23:03:42', '2020-05-23 23:03:42', NULL),
(30, 'AUTO SPRING', 9, 'AUTO SPRING', '28', '50', 0, '- Multiple suppliers -', 19, '2020-05-23 23:14:21', '2020-05-23 23:14:21', NULL),
(31, 'Two point light', 10, 'Light', '7', '10', 0, '- Multiple suppliers -', 160, '2020-05-23 23:21:00', '2020-05-23 23:21:00', NULL),
(32, 'Out coil bajaj', 11, 'OUT COIL', '350', '450', 0, '- Multiple suppliers -', 10, '2020-05-23 23:26:04', '2020-05-23 23:26:04', NULL),
(33, 'Out coil VE', 11, 'OUT COIL', '160', '220', 0, '- Multiple suppliers -', 4, '2020-05-23 23:31:03', '2020-05-23 23:31:03', NULL),
(34, 'PLUG CAP FLASH', 12, 'PLUG CAP', '60', '100', 0, '- Multiple suppliers -', 15, '2020-05-23 23:35:50', '2020-05-23 23:35:50', NULL),
(35, 'Flasar JMC', 13, 'FLSAR', '45', '100', 0, '- Multiple suppliers -', 5, '2020-06-10 07:46:51', '2020-06-10 07:46:51', NULL),
(36, 'Halfself-225cc', 14, 'HALF-SELL', '340', '450', 0, '- Multiple suppliers -', 15, '2020-06-10 22:03:39', '2020-06-10 22:03:39', NULL),
(37, 'T.V.S Halfself', 14, 'HALF-SELL', '420', '550', 0, '- Multiple suppliers -', 3, '2020-06-10 22:06:12', '2020-06-10 22:06:12', NULL),
(38, 'Halfself Mundu-225cc', 15, 'HALFSELL MUNDU', '190', '300', 0, '- Multiple suppliers -', 3, '2020-06-10 22:09:05', '2020-06-10 22:09:05', NULL),
(39, 'Plug bajaj-225cc', 16, 'PLUG', '115', '200', 0, '- Multiple suppliers -', 18, '2020-06-10 22:14:39', '2020-06-10 22:14:39', NULL),
(40, 'plug bosch', 16, 'PLUG', '95', '150', 0, '- Multiple suppliers -', 108, '2020-06-10 22:16:33', '2020-06-29 01:08:54', NULL),
(41, 'Dais Broad MITER-225cc', 17, 'MITER', '620', '800', 0, '- Multiple suppliers -', 3, '2020-06-10 22:41:43', '2020-06-10 22:41:43', NULL),
(42, 'Gaser Miter 225cc', 17, 'MITER', '550', '700', 0, '- Multiple suppliers -', 6, '2020-06-10 23:03:12', '2020-06-10 23:03:12', NULL),
(43, 'TVS Mobil Inchi', 19, 'MOBIL INCHI', '35', '80', 0, '- Multiple suppliers -', 10, '2020-06-10 23:54:46', '2020-06-10 23:54:46', NULL),
(44, 'Soket Jumper Fornt side (END)', 21, 'SOKET JUMPER', '580', '700', 0, '- Multiple suppliers -', 14, '2020-06-11 06:43:44', '2020-06-11 06:43:44', NULL),
(45, 'Soket Jumper Back side (END)', 21, 'SOKET JUMPER', '560', '650', 0, '- Multiple suppliers -', 12, '2020-06-11 06:48:47', '2020-06-11 06:48:47', NULL),
(46, 'Soket Jumper Back side (BAJAJ)', 21, 'SOKET JUMPER', '710', '850', 0, '- Multiple suppliers -', 6, '2020-06-11 07:22:10', '2020-06-11 07:22:10', NULL),
(47, 'Head Light', 10, 'Light', '65', '120', 0, '- Multiple suppliers -', 36, '2020-06-11 08:34:09', '2020-06-11 08:34:09', NULL),
(48, 'C.D.I 205cc', 22, 'C.D.I', '450', '600', 0, '- Multiple suppliers -', 4, '2020-06-11 08:38:19', '2020-06-11 08:38:19', NULL),
(49, 'C.D.I 225cc', 22, 'C.D.I', '1130', '1500', 0, '- Multiple suppliers -', 7, '2020-06-11 08:40:52', '2020-06-11 08:40:52', NULL),
(50, 'T.V.S KARBON', 23, 'KARBON', '620', '750', 0, '- Multiple suppliers -', 3, '2020-06-11 08:47:44', '2020-06-11 08:47:44', NULL),
(51, 'KARBON 225cc', 23, 'KARBON', '85', '150', 0, '- Multiple suppliers -', 3, '2020-06-11 08:58:27', '2020-06-11 08:58:27', NULL),
(52, 'Karbon brush N/M', 24, 'KARBON BRUSH', '170', '250', 0, '- Multiple suppliers -', 9, '2020-06-11 09:01:46', '2020-06-11 09:01:46', NULL),
(53, 'Break shu (bajaj)', 25, 'BREAK SHU', '125', '150', 0, '- Multiple suppliers -', 8, '2020-06-11 09:09:03', '2020-06-11 09:09:03', NULL),
(54, 'Valve kit head over (MGN)', 26, 'VALVE KIT', '350', '450', 0, '- Multiple suppliers -', 5, '2020-06-11 09:14:38', '2020-06-11 09:14:38', NULL),
(55, 'Valve kit STD over (MGN)', 26, 'VALVE KIT', '350', '450', 0, '- Multiple suppliers -', 38, '2020-06-11 09:16:28', '2020-06-11 09:16:28', NULL),
(56, 'Half class 225cc', 27, 'HALF CLASS', '230', '300', 0, '- Multiple suppliers -', 7, '2020-06-11 09:20:32', '2020-06-11 09:20:32', NULL),
(57, 'T.V.S Plug Cap', 12, 'PLUG CAP', '135', '200', 0, '- Multiple suppliers -', 2, '2020-06-11 09:24:58', '2020-06-11 09:24:58', NULL),
(58, 'T.V.S Full class', 28, 'FULL CLASS', '135', '200', 0, '- Multiple suppliers -', 2, '2020-06-11 09:28:40', '2020-06-11 09:28:40', NULL),
(59, 'FULL CLASS 225cc', 28, 'FULL CLASS', '125', '200', 0, '- Multiple suppliers -', 17, '2020-06-11 09:31:37', '2020-06-11 09:31:37', NULL),
(60, 'Tengri Bush', 29, 'BUSH', '65', '120', 0, '- Multiple suppliers -', 6, '2020-06-13 21:38:45', '2020-06-13 21:38:45', NULL),
(61, 'HOFSER BUSH', 29, 'BUSH', '38', '80', 0, '- Multiple suppliers -', 22, '2020-06-13 21:40:37', '2020-06-13 21:40:37', NULL),
(62, 'CHASSIS BUSH', 29, 'BUSH', '65', '100', 0, '- Multiple suppliers -', 31, '2020-06-13 21:42:09', '2020-06-13 21:42:09', NULL),
(63, 'ENGINE MOWNTING BUSH', 29, 'BUSH', '85', '120', 0, '- Multiple suppliers -', 5, '2020-06-13 21:43:45', '2020-06-13 21:43:45', NULL),
(64, 'ROLAR SPANDAL (0) 225cc', 30, 'ROLAR SPANDAL', '115', '180', 0, '- Multiple suppliers -', 14, '2020-06-13 21:53:04', '2020-06-13 21:53:04', NULL),
(65, 'ROLAR SPANDAL (1) 225cc', 30, 'ROLAR SPANDAL', '115', '180', 0, '- Multiple suppliers -', 12, '2020-06-13 21:55:22', '2020-06-13 21:55:22', NULL),
(66, 'FLANGE CAP MEDIUM 225cc', 31, 'FLANGE CAP', '260', '350', 0, '- Multiple suppliers -', 14, '2020-06-13 21:58:25', '2020-06-13 21:58:25', NULL),
(67, 'FLANGE CAP SMALL 225cc', 31, 'FLANGE CAP', '245', '350', 0, '- Multiple suppliers -', 18, '2020-06-13 22:00:14', '2020-06-13 22:00:14', NULL),
(68, 'FLANGE CAP BIG 225cc', 31, 'FLANGE CAP', '260', '350', 0, '- Multiple suppliers -', 13, '2020-06-13 22:01:54', '2020-06-13 22:01:54', NULL),
(69, 'OIL CLEANER D/S', 32, 'OIL CLEANER', '85', '140', 0, '- Multiple suppliers -', 36, '2020-06-13 22:07:14', '2020-06-13 22:07:14', NULL),
(70, 'HEAD LIGHT GLASS SSI', 33, 'HEAD LIGHT GLASS', '55', '130', 0, '- Multiple suppliers -', 13, '2020-06-13 22:11:24', '2020-06-13 22:11:24', NULL),
(71, 'Piston  50 225Ccc', 34, 'PISTON', '210', '300', 0, '- Multiple suppliers -', 15, '2020-06-14 07:31:32', '2020-06-14 07:31:32', NULL),
(72, 'Piston 75 225cc', 34, 'PISTON', '210', '300', 0, '- Multiple suppliers -', 13, '2020-06-14 07:34:27', '2020-06-14 07:34:27', NULL),
(73, 'Piston 25 (225) cc', 34, 'PISTON', '210', '300', 0, '- Multiple suppliers -', 0, '2020-06-14 07:36:41', '2020-06-14 07:36:41', NULL),
(74, 'Piston Ring .25 225 cc(mat)', 35, 'PISTON RING', '350', '450', 0, '- Multiple suppliers -', 3, '2020-06-14 07:43:14', '2020-06-14 07:43:14', NULL),
(75, 'Piston Ring .50 225 cc(MGN)', 35, 'PISTON RING', '315', '400', 0, '- Multiple suppliers -', 9, '2020-06-14 07:44:40', '2020-06-14 07:44:40', NULL),
(76, 'Piston Ring 50 225 cc(MAT)', 35, 'PISTON RING', '350', '450', 0, '- Multiple suppliers -', 4, '2020-06-14 07:47:01', '2020-06-14 07:47:01', NULL),
(77, 'Piston Ring 50 225 cc D/S', 35, 'PISTON RING', '280', '350', 0, '- Multiple suppliers -', 9, '2020-06-14 07:50:42', '2020-06-14 07:50:42', NULL),
(78, 'Piston Ring 75 225 cc(MGN)', 35, 'PISTON RING', '315', '400', 0, '- Multiple suppliers -', 9, '2020-06-14 07:54:36', '2020-06-14 07:54:36', NULL),
(79, 'Piston Ring 100 225 cc D/S N/M', 35, 'PISTON RING', '280', '400', 0, '- Multiple suppliers -', 2, '2020-06-14 07:58:54', '2020-06-14 07:58:54', NULL),
(80, 'Piston Ring 75 225 cc D/S N/M', 35, 'PISTON RING', '280', '400', 0, '- Multiple suppliers -', 4, '2020-06-14 08:02:14', '2020-06-14 08:02:14', NULL),
(81, 'Piston Ring 25 225 cc D/S N/M', 35, 'PISTON RING', '280', '400', 0, '- Multiple suppliers -', 1, '2020-06-14 08:04:34', '2020-06-14 08:04:34', NULL),
(82, 'Piston Ring 50 225 cc D/S N/M', 35, 'PISTON RING', '280', '400', 0, '- Multiple suppliers -', 1, '2020-06-14 08:19:04', '2020-06-14 08:19:04', NULL),
(83, 'While cylindar 225 cc', 36, 'WHILE CYLINDAR', '270', '350', 0, '- Multiple suppliers -', 18, '2020-06-14 21:24:23', '2020-06-14 21:24:23', NULL),
(84, 'T.V.S MITAR TAR', 37, 'TAR', '50', '100', 0, '- Multiple suppliers -', 3, '2020-06-14 21:29:58', '2020-06-14 21:29:58', NULL),
(85, 'ACC TAR', 37, 'TAR', '14', '20', 0, '- Multiple suppliers -', 102, '2020-06-14 21:35:08', '2020-06-14 21:35:08', NULL),
(86, 'GEAR TAR', 37, 'TAR', '14', '20', 0, '- Multiple suppliers -', 145, '2020-06-14 21:38:08', '2020-06-14 21:38:08', NULL),
(87, 'MITER CABLE 225 cc', 38, 'CABLE', '200', '250', 0, '- Multiple suppliers -', 68, '2020-06-14 21:44:48', '2020-06-14 21:44:48', NULL),
(88, 'MITER POWER CABLE 225 cc', 38, 'CABLE', '160', '220', 0, '- Multiple suppliers -', 12, '2020-06-14 21:46:40', '2020-06-14 21:46:40', NULL),
(89, 'CLUTCH CABLE 225 cc', 38, 'CABLE', '145', '250', 0, '- Multiple suppliers -', 26, '2020-06-14 21:49:39', '2020-06-14 21:49:39', NULL),
(90, 'GEAR CABLE BLACK 225 cc', 38, 'CABLE', '160', '250', 0, '- Multiple suppliers -', 6, '2020-06-14 21:51:29', '2020-06-14 21:51:29', NULL),
(91, 'GEAR CABLE WHITE 225 cc', 38, 'CABLE', '160', '250', 0, '- Multiple suppliers -', 6, '2020-06-14 21:53:17', '2020-06-14 21:53:17', NULL),
(92, 'ACC CABLE 225 cc', 38, 'CABLE', '200', '300', 0, '- Multiple suppliers -', 9, '2020-06-14 21:54:43', '2020-06-14 21:54:43', NULL),
(93, 'LONG XL-225 cc', 39, 'XL', '215', '300', 0, '- Multiple suppliers -', 4, '2020-06-14 21:57:58', '2020-06-14 21:57:58', NULL),
(94, 'SHORT XL-', 39, 'XL', '170', '250', 0, '- Multiple suppliers -', 3, '2020-06-14 21:59:33', '2020-06-14 21:59:33', NULL),
(95, 'XL FRONT SIDE', 39, 'XL', '230', '300', 0, '- Multiple suppliers -', 9, '2020-06-14 22:02:45', '2020-06-14 22:02:45', NULL),
(96, 'XL BACK SIDE', 39, 'XL', '360', '450', 0, '- Multiple suppliers -', 4, '2020-06-14 22:03:49', '2020-06-14 22:03:49', NULL),
(97, 'GASER RAISER BATI 225 cc', 40, 'GASER RAISER BATI', '350', '450', 0, '- Multiple suppliers -', 3, '2020-06-15 09:35:36', '2020-06-15 09:35:36', NULL),
(98, 'MAWNTEN  NUT', 2, 'Nuts', '14', '30', 0, '- Multiple suppliers -', 0, '2020-06-15 21:34:59', '2020-07-24 12:02:39', NULL),
(99, 'BREAK PADAL', 41, 'BREAK PADAL', '185', '250', 0, '- Multiple suppliers -', 3, '2020-06-15 21:38:29', '2020-06-15 21:38:29', NULL),
(100, 'BREAK PADAL RABAR', 41, 'BREAK PADAL', '15', '30', 0, '- Multiple suppliers -', 20, '2020-06-15 21:39:32', '2020-06-15 21:39:32', NULL),
(101, 'NEWTALL SWICH-225cc', 42, 'NEWTALL SWICH', '85', '150', 0, '- Multiple suppliers -', 6, '2020-06-15 21:43:00', '2020-06-15 21:43:00', NULL),
(102, 'SELF CONTACT SWITCH-(225) cc', 43, 'SWITCH', '320', '450', 0, '- Multiple suppliers -', 3, '2020-06-15 21:57:02', '2020-06-15 21:57:02', NULL),
(103, 'CHAIN ADJUST NUT', 2, 'Nuts', '2', '5', 0, '- Multiple suppliers -', 65, '2020-06-15 22:00:01', '2020-06-15 22:00:01', NULL),
(104, 'CHAIN GUIDE SMALL (225) cc', 44, 'CHAIN GUIDE', '30', '60', 0, '- Multiple suppliers -', 5, '2020-06-16 01:02:49', '2020-06-16 01:02:49', NULL),
(105, 'PICK UP COIL (225)CC', 46, 'PICK UP COIL', '125', '150', 0, NULL, 8, '2020-06-16 01:15:23', '2020-06-16 01:15:23', NULL),
(106, 'ENGINE INCHI (225)CC', 47, 'ENGINE INCHI', '35', '70', 0, '- Multiple suppliers -', 11, '2020-06-16 01:18:43', '2020-06-16 01:18:43', NULL),
(107, 'HEAD OIL-SELL (225)CC', 48, 'OIL-SELL', '30', '50', 0, '- Multiple suppliers -', 15, '2020-06-16 01:21:23', '2020-06-16 01:21:23', NULL),
(108, 'STILL OIL SELL (225)CC', 48, 'OIL-SELL', '18', '50', 0, '- Multiple suppliers -', 33, '2020-06-16 01:23:26', '2020-06-16 01:23:26', NULL),
(109, 'VALVE OIL SELL BIG (225)CC', 48, 'OIL-SELL', '60', '100', 0, '- Multiple suppliers -', 40, '2020-06-16 01:26:23', '2020-06-16 01:26:23', NULL),
(110, 'VALVE OIL SELL SMALL (225)CC', 48, 'OIL-SELL', '60', '100', 0, '- Multiple suppliers -', 66, '2020-06-16 01:28:31', '2020-06-16 01:28:31', NULL),
(111, 'HOPS OIL SELL', 48, 'OIL-SELL', '22', '50', 0, '- Multiple suppliers -', 43, '2020-06-16 01:32:51', '2020-06-16 01:32:51', NULL),
(112, 'ENGINE OIL SELL (225)CC', 48, 'OIL-SELL', '240', '300', 0, '- Multiple suppliers -', 37, '2020-06-16 01:36:33', '2020-06-16 01:36:33', NULL),
(113, 'T.V.S ENGINE PACKING', 49, 'PACKING', '130', '150', 0, '- Multiple suppliers -', 3, '2020-06-17 06:14:39', '2020-06-17 06:14:39', NULL),
(114, 'T.V.S GEAR PACKING', 49, 'PACKING', '35', '50', 0, '- Multiple suppliers -', 10, '2020-06-17 06:15:55', '2020-06-17 06:15:55', NULL),
(115, 'CLASS BATI PACKING(225)CC', 49, 'PACKING', '15', '30', 0, '- Multiple suppliers -', 12, '2020-06-17 06:30:46', '2020-06-17 06:30:46', NULL),
(116, 'T.V.S CLASS PACKING', 49, 'PACKING', '35', '50', 0, '- Multiple suppliers -', 9, '2020-06-17 06:32:21', '2020-06-17 06:32:21', NULL),
(117, 'ENGINE PACKING KHOLA (225)CC', 49, 'PACKING', '25', '50', 0, '- Multiple suppliers -', 10, '2020-06-17 06:34:02', '2020-06-17 06:34:02', NULL),
(118, 'GEAR BOX PACKING (225)CC', 49, 'PACKING', '14', '30', 0, '- Multiple suppliers -', 14, '2020-06-17 06:35:32', '2020-06-17 06:35:32', NULL),
(119, 'CYLINDAR  PACKING (225)CC', 49, 'PACKING', '3', '10', 0, '- Multiple suppliers -', 44, '2020-06-17 06:40:26', '2020-06-17 06:40:26', NULL),
(120, 'GAS KIT (225)CC', 50, 'GAS KIT', '17', '40', 0, '- Multiple suppliers -', 19, '2020-06-17 06:45:55', '2020-06-17 06:45:55', NULL),
(121, 'MAGNET COIL (225)CC N/M', 51, 'MAGNET COIL', '730', '850', 0, '- Multiple suppliers -', 14, '2020-06-17 06:51:14', '2020-06-17 06:51:14', NULL),
(122, 'MAGNET COMPLETE (225)CC', 52, 'MAGNET COMPLETE', '1150', '1350', 0, '- Multiple suppliers -', 2, '2020-06-17 06:57:44', '2020-06-17 06:57:44', NULL),
(123, 'MAGNET PHINIUM 80 DAT (225)CC', 53, 'MAGNET PHINIUM', '315', '400', 0, '- Multiple suppliers -', 10, '2020-06-17 21:39:35', '2020-06-17 21:39:35', NULL),
(124, 'MAGNET PHINIUM 91 DAT (175)CC', 53, 'MAGNET PHINIUM', '380', '450', 0, NULL, 3, '2020-06-17 21:42:23', '2020-06-17 21:42:23', NULL),
(125, 'NATAI PHINIUM (225)CC', 54, 'PHINIUM', '535', '650', 0, NULL, 8, '2020-06-17 22:28:49', '2020-06-17 22:28:49', NULL),
(126, 'GACH PHINIUM (175)CC', 54, 'PHINIUM', '140', '250', 0, '- Multiple suppliers -', 3, '2020-06-17 22:32:18', '2020-06-17 22:32:18', NULL),
(127, 'G-P SWITCH', 43, 'SWITCH', '150', '200', 0, '- Multiple suppliers -', 6, '2020-06-17 22:34:11', '2020-06-17 22:34:11', NULL),
(128, 'INDIKETOR SWITCH', 43, 'SWITCH', '165', '200', 0, '- Multiple suppliers -', 5, '2020-06-17 22:35:38', '2020-06-17 22:35:38', NULL),
(129, 'HEAD LIGHT SWITCH O/M', 43, 'SWITCH', '165', '200', 0, '- Multiple suppliers -', 10, '2020-06-17 22:37:03', '2020-06-17 22:37:03', NULL),
(130, 'BABUL PHINIUM BIG (175)CC', 54, 'PHINIUM', '110', '150', 0, '- Multiple suppliers -', 7, '2020-06-17 22:42:30', '2020-06-17 22:42:30', NULL),
(131, 'BABUL PHINIUM SMALL (175)CC', 54, 'PHINIUM', '95', '140', 0, '- Multiple suppliers -', 2, '2020-06-17 22:51:13', '2020-06-17 22:51:13', NULL),
(132, 'STARDING SWITCH (205)CC', 43, 'SWITCH', '260', '350', 0, '- Multiple suppliers -', 3, '2020-06-17 23:08:27', '2020-06-17 23:08:27', NULL),
(133, 'STARDING SWITCH (225)CC N/M', 43, 'SWITCH', '490', '600', 0, NULL, 6, '2020-06-17 23:09:45', '2020-06-17 23:09:45', NULL),
(134, '1ST GEAR PHINIUM', 54, 'PHINIUM', '320', '400', 0, '- Multiple suppliers -', 2, '2020-06-17 23:15:47', '2020-06-17 23:15:47', NULL),
(135, '2ND GEAR PHINIUM', 54, 'PHINIUM', '250', '300', 0, '- Multiple suppliers -', 2, '2020-06-17 23:18:55', '2020-06-17 23:18:55', NULL),
(136, 'TOP GEAR PHINIUM', 54, 'PHINIUM', '220', '300', 0, '- Multiple suppliers -', 2, '2020-06-17 23:21:12', '2020-06-17 23:21:12', NULL),
(137, '3rd GEAR PHINIUM', 54, 'PHINIUM', '250', '300', 0, '- Multiple suppliers -', 0, '2020-06-17 23:23:40', '2020-06-17 23:23:40', NULL),
(138, 'GADA PHINIUM', 54, 'PHINIUM', '730', '850', 0, '- Multiple suppliers -', 3, '2020-06-17 23:26:02', '2020-06-17 23:26:02', NULL),
(139, 'THREAT TAPE', 55, 'TAPE', '12', '20', 0, '- Multiple suppliers -', 8, '2020-06-17 23:45:16', '2020-06-17 23:45:16', NULL),
(140, 'KOSTAPE', 55, 'TAPE', '15', '25', 0, '- Multiple suppliers -', 13, '2020-06-17 23:46:36', '2020-06-17 23:46:36', NULL),
(141, 'T.V.S. MILE METER CABLE', 38, 'CABLE', '200', '250', 0, '- Multiple suppliers -', 6, '2020-06-18 21:17:01', '2020-06-18 21:17:01', NULL),
(142, 'T.V.S ACC CABLE', 38, 'CABLE', '160', '200', 0, '- Multiple suppliers -', 4, '2020-06-18 21:18:17', '2020-06-18 21:18:17', NULL),
(143, 'T.V.S CLASS CABLE', 38, 'CABLE', '180', '250', 0, '- Multiple suppliers -', 4, '2020-06-18 21:19:38', '2020-06-18 21:19:38', NULL),
(144, 'AIR FILTER (225)CC', 56, 'AIR FILTER', '250', '300', 0, '- Multiple suppliers -', 10, '2020-06-18 21:23:56', '2020-06-18 21:23:56', NULL),
(145, 'CYLINDER (225)CC', 57, 'CYLINDER', '2650', '2850', 0, '- Multiple suppliers -', 1, '2020-06-18 21:27:15', '2020-06-18 21:27:15', NULL),
(146, 'MASTER CYLINDER (BOSCH) 225 CC', 57, 'CYLINDER', '950', '1150', 0, '- Multiple suppliers -', 3, '2020-06-18 21:29:46', '2020-06-18 21:29:46', NULL),
(147, 'BREAK OIL', 58, 'BREAK OIL', '93', '130', 0, '- Multiple suppliers -', 128, '2020-06-18 21:32:55', '2020-06-18 21:32:55', NULL),
(148, 'OIL CARBURATOR 15-MODEL', 60, 'OIL CARBURATOR', '700', '850', 0, '- Multiple suppliers -', 2, '2020-06-18 22:38:30', '2020-06-18 22:38:30', NULL),
(149, 'OIL CARBURATOR 18/19-MODEL', 60, 'OIL CARBURATOR', '720', '820', 0, '- Multiple suppliers -', 2, '2020-06-18 22:42:03', '2020-06-18 22:42:03', NULL),
(150, 'XL-STICK', 61, 'XL-STICK', '15', '30', 0, '- Multiple suppliers -', 52, '2020-06-18 22:55:33', '2020-06-18 22:55:33', NULL),
(151, 'CYAM VE (175)CC', 62, 'CYAM', '450', '500', 0, '- Multiple suppliers -', 1, '2020-06-19 06:05:20', '2020-06-19 06:05:20', NULL),
(152, 'CYAM VE (225)CC', 62, 'CYAM', '450', '500', 0, '- Multiple suppliers -', 1, '2020-06-19 06:06:08', '2020-06-19 06:06:08', NULL),
(153, 'TENGRI NUT SI', 2, 'Nuts', '105', '150', 0, '- Multiple suppliers -', 17, '2020-06-19 06:16:27', '2020-06-19 06:16:27', NULL),
(154, 'ROLAR SPANDAL -(175)', 30, 'ROLAR SPANDAL', '115', '150', 0, '- Multiple suppliers -', 46, '2020-06-19 06:18:27', '2020-06-19 06:18:27', NULL),
(155, 'T.V.S CLASS PLATE', 64, 'CLASS PLATE', '180', '250', 0, '- Multiple suppliers -', 3, '2020-06-19 06:24:15', '2020-06-19 06:24:15', NULL),
(156, 'CLASS PLATE -225', 64, 'CLASS PLATE', '250', '300', 0, '- Multiple suppliers -', 13, '2020-06-19 06:26:08', '2020-06-19 06:26:08', NULL),
(157, 'CHURI BOLL MALA BIG-225', 65, 'CHURI BOLL MALA', '35', '50', 0, '- Multiple suppliers -', 7, '2020-06-19 06:29:55', '2020-06-19 06:29:55', NULL),
(158, 'CHURI BOLL MALA SMALL-225', 65, 'CHURI BOLL MALA', '18', '30', 0, '- Multiple suppliers -', 50, '2020-06-19 06:30:55', '2020-06-19 06:30:55', NULL),
(159, 'CAKAR DRUM ALUMINIUM', 66, 'CAKAR DRUM', '630', '750', 0, '- Multiple suppliers -', 4, '2020-06-19 21:09:09', '2020-06-19 21:09:09', NULL),
(160, 'CAKAR DRUM IRON-225', 66, 'CAKAR DRUM', '650', '750', 0, '- Multiple suppliers -', 4, '2020-06-19 21:11:31', '2020-06-19 21:11:31', NULL),
(161, 'GAS DIAPHRAGM SMALL-225', 67, 'GAS DIAPHRAGM', '230', '280', 0, '- Multiple suppliers -', 10, '2020-06-19 21:16:38', '2020-06-19 21:16:38', NULL),
(162, 'GAS DIAPHRAGM BIG-225', 67, 'GAS DIAPHRAGM', '230', '280', 0, '- Multiple suppliers -', 18, '2020-06-19 21:17:51', '2020-06-19 21:17:51', NULL),
(163, 'GAS DIAPHRAGM SMALL-175', 67, 'GAS DIAPHRAGM', '220', '280', 0, '- Multiple suppliers -', 19, '2020-06-19 21:19:31', '2020-06-19 21:19:31', NULL),
(164, 'GAS TUNING NUTS N/M', 2, 'Nuts', '180', '250', 0, '- Multiple suppliers -', 9, '2020-06-19 21:23:45', '2020-06-19 21:23:45', NULL),
(165, 'GAS TUNING NUTS -205', 2, 'Nuts', '180', '250', 0, '- Multiple suppliers -', 3, '2020-06-19 21:25:16', '2020-07-07 08:32:18', NULL),
(166, 'VALVE OIL SELL', 48, 'OIL-SELL', '27', '50', 0, '- Multiple suppliers -', 23, '2020-06-19 21:26:43', '2020-06-19 21:26:43', NULL),
(167, 'GASER CHAMOS BIG-225', 68, 'GASER CHAMOS', '95', '150', 0, '- Multiple suppliers -', 10, '2020-06-19 21:33:39', '2020-06-19 21:33:39', NULL),
(168, 'GASER CHAMOS SMALL-225', 68, 'GASER CHAMOS', '95', '150', 0, '- Multiple suppliers -', 11, '2020-06-19 21:34:43', '2020-06-19 21:34:43', NULL),
(169, 'MOBIL', 69, 'OIL/MOBIL', '235', '300', 0, '- Multiple suppliers -', 205, '2020-06-19 21:37:37', '2020-06-19 21:37:37', NULL),
(170, 'GASER TUNING  SPRING', 20, 'SPRING', '25', '50', 0, '- Multiple suppliers -', 24, '2020-06-19 21:41:33', '2020-06-19 21:41:33', NULL),
(171, 'GAS CYLINDER NUT', 2, 'Nuts', '120', '150', 0, '- Multiple suppliers -', 1, '2020-06-19 21:45:14', '2020-06-19 21:45:14', NULL),
(172, 'BUT RABAR BIG', 70, 'BUT RABAR', '52', '80', 0, '- Multiple suppliers -', 22, '2020-06-19 21:47:40', '2020-06-19 21:47:40', NULL),
(173, 'BUT RABAR SMALL', 70, 'BUT RABAR', '45', '80', 0, '- Multiple suppliers -', 9, '2020-06-19 21:48:33', '2020-06-19 21:48:33', NULL),
(174, 'CHAKAR RING', 71, 'CHAKAR RING', '740', '850', 0, '- Multiple suppliers -', 3, '2020-06-19 21:57:42', '2020-06-19 21:57:42', NULL),
(175, 'ENGLEV VALVE', 26, 'VALVE KIT', '90', '120', 0, '- Multiple suppliers -', 1, '2020-06-20 01:30:19', '2020-06-20 01:30:19', NULL),
(176, 'TUBE', 72, 'TUBE', '130', '180', 0, '- Multiple suppliers -', 67, '2020-06-20 01:34:04', '2020-06-20 01:34:04', NULL),
(177, 'R R UNITE -225', 74, 'R R UNITE', '1130', '1300', 0, '- Multiple suppliers -', 8, '2020-06-20 05:53:40', '2020-06-20 05:53:40', NULL),
(178, 'FREE BALL NUT -225', 2, 'Nuts', '65', '100', 0, '- Multiple suppliers -', 8, '2020-06-20 05:56:00', '2020-06-20 05:56:00', NULL),
(179, 'JALI FILTER NUT -225', 2, 'Nuts', '25', '50', 0, '- Multiple suppliers -', 9, '2020-06-20 05:57:20', '2020-06-20 05:57:20', NULL),
(180, 'T.V.S SOKET JUMPER BACK', 21, 'SOKET JUMPER', '1100', '1300', 0, '- Multiple suppliers -', 2, '2020-06-20 05:59:53', '2020-06-20 05:59:53', NULL),
(181, 'DAIS PLATE KHUTI', 75, 'DAIS PLATE KHUTI', '45', '60', 0, '- Multiple suppliers -', 8, '2020-06-20 06:03:20', '2020-06-20 06:03:20', NULL),
(182, 'CHAKAR DAIS PLATE KHUTI LEFT SIDE BACK', 75, 'DAIS PLATE KHUTI', '360', '450', 0, '- Multiple suppliers -', 2, '2020-06-20 06:08:13', '2020-06-20 06:08:13', NULL),
(183, 'CHAKAR DAIS PLATE KHUTI RIGHT SIDE BACK', 75, 'DAIS PLATE KHUTI', '360', '450', 0, '- Multiple suppliers -', 3, '2020-06-20 06:09:50', '2020-06-20 06:09:50', NULL),
(184, 'CHAKAR DAIS PLATE KHUTI FRONT SIDE', 75, 'DAIS PLATE KHUTI', '660', '850', 0, '- Multiple suppliers -', 2, '2020-06-20 06:11:12', '2020-06-20 06:11:12', NULL),
(185, 'BACK GEAR SPRING BIG', 20, 'SPRING', '70', '100', 0, '- Multiple suppliers -', 11, '2020-06-20 06:14:31', '2020-06-20 06:14:31', NULL),
(186, 'BACK GEAR SPRING SMALL -175', 20, 'SPRING', '45', '80', 0, '- Multiple suppliers -', 2, '2020-06-20 06:15:56', '2020-06-20 06:15:56', NULL),
(187, 'BREAK PADAL SPRING', 20, 'SPRING', '30', '50', 0, '- Multiple suppliers -', 6, '2020-06-20 06:17:55', '2020-06-20 06:17:55', NULL),
(188, 'FALSE PLATE -225', 76, 'FALSE PLATE', '25', '50', 0, '- Multiple suppliers -', 60, '2020-06-20 06:22:37', '2020-06-20 06:22:37', NULL),
(189, 'CARBURATOR FIVER -175', 77, 'FIVER', '35', '50', 0, '- Multiple suppliers -', 14, '2020-06-20 06:26:42', '2020-06-20 06:26:42', NULL),
(190, 'OUT RILIJ FIVER -175', 77, 'FIVER', '30', '50', 0, '- Multiple suppliers -', 7, '2020-06-20 06:28:25', '2020-06-20 06:28:25', NULL),
(191, 'HORN M-225', 78, 'HORN', '140', '200', 0, '- Multiple suppliers -', 9, '2020-06-20 06:30:34', '2020-06-20 06:30:34', NULL),
(192, 'BREAK STOP SWITCH', 43, 'SWITCH', '190', '250', 0, '- Multiple suppliers -', 13, '2020-06-20 06:34:49', '2020-06-20 06:34:49', NULL),
(193, 'HORSE PAIP', 79, 'HORSE PAIP', '160', '200', 0, '- Multiple suppliers -', 2, '2020-06-20 08:05:18', '2020-06-20 08:05:18', NULL),
(194, 'HORN KILIP', 78, 'HORN', '5', '10', 0, '- Multiple suppliers -', 90, '2020-06-20 08:06:37', '2020-06-20 08:06:37', NULL),
(195, 'T.V.S MITER CABLE', 38, 'CABLE', '170', '220', 0, '- Multiple suppliers -', 10, '2020-06-20 08:08:10', '2020-06-20 08:08:10', NULL),
(196, 'ROKAR -225', 80, 'ROKAR', '530', '600', 0, '- Multiple suppliers -', 3, '2020-06-20 08:09:55', '2020-06-20 08:09:55', NULL),
(197, 'Master cylindar Nuts', 2, 'Nuts', '15', '30', 0, '- Multiple suppliers -', 2, '2020-06-20 08:14:15', '2020-06-20 08:14:15', NULL),
(198, 'TUPI NUTS', 2, 'Nuts', '12', '30', 0, '- Multiple suppliers -', 15, '2020-06-20 08:16:00', '2020-07-24 12:19:48', NULL),
(199, 'FLANGE CAP NUTS', 2, 'Nuts', '8', '15', 0, '- Multiple suppliers -', 50, '2020-06-20 08:17:36', '2020-06-20 08:17:36', NULL),
(200, 'MAGNET -225', 82, 'MAGNET', '330', '450', 0, '- Multiple suppliers -', 4, '2020-06-20 08:21:18', '2020-06-20 08:21:18', NULL),
(201, 'CLASS BATI SPRING -225', 20, 'SPRING', '55', '80', 0, '- Multiple suppliers -', 16, '2020-06-20 08:23:43', '2020-06-20 08:23:43', NULL),
(202, 'CLASS BATI -225', 83, 'CLASS BATI', '165', '250', 0, '- Multiple suppliers -', 5, '2020-06-20 08:29:21', '2020-06-20 08:29:21', NULL),
(203, 'FUSES BOX', 84, 'FUSES', '320', '400', 0, '- Multiple suppliers -', 1, '2020-06-20 08:31:45', '2020-06-20 08:31:45', NULL),
(204, 'GEAR BOX OIL SELL', 48, 'OIL-SELL', '20', '50', 0, '- Multiple suppliers -', 10, '2020-06-20 21:29:25', '2020-06-20 21:29:25', NULL),
(205, 'GAS TUNING SPRING -205', 20, 'SPRING', '90', '120', 0, '- Multiple suppliers -', 24, '2020-06-20 21:31:47', '2020-06-20 21:31:47', NULL),
(206, 'GAS TUNING NUT SPRING -225', 20, 'SPRING', '25', '50', 0, '- Multiple suppliers -', 24, '2020-06-20 21:33:06', '2020-06-20 21:33:06', NULL),
(207, 'CARBURATOR HOWER NUTS -225', 2, 'Nuts', '12', '25', 0, '- Multiple suppliers -', 10, '2020-06-20 21:34:32', '2020-06-20 21:34:32', NULL),
(208, 'TIMING CHAIN ROLON', 86, 'CHAIN', '120', '180', 0, '- Multiple suppliers -', 4, '2020-06-20 22:52:37', '2020-06-20 22:52:37', NULL),
(209, 'TIMING CHAIN BAJAJ', 86, 'CHAIN', '270', '350', 0, '- Multiple suppliers -', 20, '2020-06-20 22:53:57', '2020-06-20 22:53:57', NULL),
(210, 'TIMING CHAIN ROLON', 86, NULL, '220', '320', 0, '- Multiple suppliers -', 0, '2020-06-20 22:54:57', '2020-06-20 22:54:57', NULL),
(211, 'DREN NUTS', 2, 'Nuts', '45', '80', 0, '- Multiple suppliers -', 5, '2020-06-21 00:15:33', '2020-06-21 00:15:33', NULL),
(212, 'FLASAR -225', 13, 'FLSAR', '60', '120', 0, '- Multiple suppliers -', 10, '2020-06-21 00:17:56', '2020-06-21 00:17:56', NULL),
(213, 'MASTER CYLINDAR COMPLETE', 57, 'CYLINDER', '1200', '1350', 0, '- Multiple suppliers -', 3, '2020-06-21 00:24:19', '2020-06-21 00:24:19', NULL),
(214, 'LEQUITE GUM', 87, 'LEQUITE GUM', '33', '50', 0, '- Multiple suppliers -', 19, '2020-06-21 00:38:39', '2020-06-21 00:38:39', NULL),
(215, 'BACK GEAR LIVER', 88, 'LIVER', '320', '400', 0, '- Multiple suppliers -', 2, '2020-06-21 00:42:01', '2020-06-21 00:42:01', NULL),
(216, 'HEAD STICK (STD)', 89, 'HEAD STICK', '15', '30', 0, '- Multiple suppliers -', 5, '2020-06-22 00:43:33', '2020-06-22 00:43:33', NULL),
(217, 'ROKAR PIN BIG', 90, 'ROKAR PIN', '80', '120', 0, '- Multiple suppliers -', 4, '2020-06-22 06:44:59', '2020-06-22 06:44:59', NULL),
(218, 'ROKAR PIN SMALL', 90, 'ROKAR PIN', '65', '100', 0, '- Multiple suppliers -', 7, '2020-06-22 06:48:01', '2020-06-22 06:48:01', NULL),
(219, 'KHOLA KARBON V O/R', 23, 'KARBON', '95', '140', 0, '- Multiple suppliers -', 20, '2020-06-23 06:37:03', '2020-06-23 06:37:03', NULL),
(220, 'HEAD OYASAR -225', 93, 'OYASAR', '1', '5', 0, '- Multiple suppliers -', 100, '2020-06-23 06:44:57', '2020-06-23 06:44:57', NULL),
(221, 'Soket Jumper bush kkk', 29, 'BUSH', '3', '10', 0, '- Multiple suppliers -', 60, '2020-06-23 07:22:57', '2020-06-23 07:22:57', NULL),
(222, 'TIKLI BUSH', 29, 'BUSH', '2', '5', 0, '- Multiple suppliers -', 50, '2020-06-23 07:24:44', '2020-06-23 07:24:44', NULL),
(223, 'GEAR SELECTOR -225', 95, 'GEAR SELECTOR', '85', '120', 0, '- Multiple suppliers -', 5, '2020-06-23 07:33:47', '2020-06-23 07:33:47', NULL),
(224, 'TEMPER OYASAR', 93, 'OYASAR', '14', '30', 0, '- Multiple suppliers -', 41, '2020-06-23 07:45:21', '2020-06-23 07:45:21', NULL),
(225, 'TEPIT KOVER BIG', 96, 'KOVER', '65', '100', 0, '- Multiple suppliers -', 0, '2020-06-23 07:50:01', '2020-07-25 11:48:32', NULL),
(226, 'BREAK PAIP', 97, 'BREAK PAIP', '85', '120', 0, NULL, 8, '2020-06-23 07:53:33', '2020-06-23 07:53:33', NULL),
(227, 'GUIDE OYASAR  NIJ', 93, 'OYASAR', '30', '50', 0, '- Multiple suppliers -', 44, '2020-06-23 23:16:23', '2020-06-23 23:16:23', NULL),
(228, 'VALVE SPRING', 20, 'SPRING', '30', '50', 0, '- Multiple suppliers -', 3, '2020-06-23 23:20:29', '2020-06-23 23:20:29', NULL),
(229, 'FLANGE CAP OYASAR', 31, 'OYASAR', '10', '15', 0, '- Multiple suppliers -', 13, '2020-06-23 23:22:26', '2020-06-23 23:22:26', NULL),
(230, 'KHEJUR NUTS', 2, 'Nuts', '4', '10', 0, '- Multiple suppliers -', 100, '2020-06-23 23:27:17', '2020-06-23 23:27:17', NULL),
(231, 'STARDING HATA', 99, 'HATA', '50', '80', 0, NULL, 2, '2020-06-23 23:31:10', '2020-06-23 23:31:10', NULL),
(232, 'MARGATE RABAR BACK SIDE', 100, 'MARGATE RABAR', '45', '90', 0, '- Multiple suppliers -', 23, '2020-06-23 23:40:49', '2020-06-23 23:40:49', NULL),
(233, 'MARGATE RABAR FRONT SIDE', 100, 'MARGATE RABAR', '45', '80', 0, NULL, 16, '2020-06-23 23:57:53', '2020-06-23 23:57:53', NULL),
(234, 'NUTS Test', 2, 'Nuts', '10', '50', 0, '- Multiple suppliers -', 5, '2020-07-25 20:06:42', '2020-07-25 20:21:07', NULL),
(235, 'Number 10', 2, NULL, '8', '12', 3, NULL, 209, '2020-07-25 20:12:07', '2020-07-25 20:12:07', NULL);

-- --------------------------------------------------------

--
-- Table structure for table `stock_sales`
--

CREATE TABLE `stock_sales` (
  `id` bigint(20) UNSIGNED NOT NULL,
  `transactionid` varchar(250) COLLATE utf8_unicode_ci DEFAULT NULL,
  `transidnumber` int(11) DEFAULT NULL,
  `stock_name` varchar(200) COLLATE utf8_unicode_ci NOT NULL,
  `category` varchar(120) COLLATE utf8_unicode_ci NOT NULL,
  `supplier_name` varchar(200) COLLATE utf8_unicode_ci NOT NULL,
  `selling_price` decimal(10,2) UNSIGNED NOT NULL,
  `quantity` decimal(10,2) UNSIGNED NOT NULL,
  `amount` decimal(10,2) UNSIGNED NOT NULL,
  `date` date NOT NULL,
  `username` varchar(120) COLLATE utf8_unicode_ci NOT NULL,
  `customer_id` varchar(120) COLLATE utf8_unicode_ci NOT NULL,
  `subtotal` decimal(10,2) UNSIGNED NOT NULL,
  `payment` decimal(10,2) UNSIGNED NOT NULL,
  `balance` decimal(10,2) UNSIGNED NOT NULL,
  `discount` decimal(10,0) UNSIGNED NOT NULL,
  `tax` decimal(10,0) UNSIGNED NOT NULL,
  `tax_dis` varchar(100) COLLATE utf8_unicode_ci NOT NULL,
  `dis_amount` decimal(10,0) UNSIGNED NOT NULL,
  `grand_total` decimal(10,0) UNSIGNED NOT NULL,
  `due` date NOT NULL,
  `mode` varchar(250) COLLATE utf8_unicode_ci NOT NULL,
  `description` varchar(500) COLLATE utf8_unicode_ci NOT NULL,
  `count1` int(11) NOT NULL,
  `billnumber` varchar(120) COLLATE utf8_unicode_ci NOT NULL
) ENGINE=InnoDB DEFAULT CHARSET=utf8 COLLATE=utf8_unicode_ci;

-- --------------------------------------------------------

--
-- Table structure for table `stock_units_details`
--

CREATE TABLE `stock_units_details` (
  `id` bigint(20) UNSIGNED NOT NULL,
  `stock_id` int(11) DEFAULT NULL,
  `category_id` int(11) DEFAULT NULL,
  `unit_type` varchar(255) COLLATE utf8_unicode_ci DEFAULT NULL,
  `created_at` timestamp NULL DEFAULT NULL,
  `updated_at` timestamp NULL DEFAULT NULL,
  `status` tinyint(1) NOT NULL DEFAULT '1'
) ENGINE=InnoDB DEFAULT CHARSET=utf8 COLLATE=utf8_unicode_ci;

--
-- Dumping data for table `stock_units_details`
--

INSERT INTO `stock_units_details` (`id`, `stock_id`, `category_id`, `unit_type`, `created_at`, `updated_at`, `status`) VALUES
(6, 7, 2, 'pcs', '2020-05-20 04:35:01', '2020-05-20 04:35:01', 1),
(7, 8, 3, 'pcs', '2020-05-20 04:39:24', '2020-05-20 04:39:24', 1),
(8, 9, 4, 'pcs', '2020-05-23 20:47:24', '2020-05-23 20:47:24', 1),
(9, 10, 3, 'pcs', '2020-05-23 20:50:46', '2020-05-23 20:50:46', 1),
(10, 11, 3, 'pcs', '2020-05-23 20:53:39', '2020-05-23 20:53:39', 1),
(11, 12, 3, 'pcs', '2020-05-23 20:55:46', '2020-05-23 20:55:46', 1),
(12, 13, 3, 'pcs', '2020-05-23 20:58:46', '2020-05-23 20:58:46', 1),
(13, 14, 3, 'pcs', '2020-05-23 21:52:34', '2020-05-23 21:52:34', 1),
(14, 15, 3, 'pcs', '2020-05-23 21:53:46', '2020-05-23 21:53:46', 1),
(15, 16, 3, 'pcs', '2020-05-23 21:54:47', '2020-05-23 21:54:47', 1),
(16, 17, 3, 'pcs', '2020-05-23 21:55:56', '2020-05-23 21:55:56', 1),
(17, 18, 3, 'pcs', '2020-05-23 22:00:55', '2020-05-23 22:00:55', 1),
(18, 19, 3, 'pcs', '2020-05-23 22:03:36', '2020-05-23 22:03:36', 1),
(19, 20, 3, 'pcs', '2020-05-23 22:04:29', '2020-05-23 22:04:29', 1),
(20, 21, 3, 'pcs', '2020-05-23 22:06:20', '2020-05-23 22:06:20', 1),
(21, 22, 3, 'pcs', '2020-05-23 22:09:10', '2020-05-23 22:09:10', 1),
(22, 23, 3, 'pcs', '2020-05-23 22:16:10', '2020-05-23 22:16:10', 1),
(23, 24, 5, 'pcs', '2020-05-23 22:23:45', '2020-05-23 22:23:45', 1),
(24, 25, 6, 'pcs', '2020-05-23 22:31:43', '2020-05-23 22:31:43', 1),
(25, 26, 7, 'pcs', '2020-05-23 22:48:32', '2020-05-23 22:48:32', 1),
(26, 27, 7, 'pcs', '2020-05-23 22:50:08', '2020-05-23 22:50:08', 1),
(27, 28, 8, 'pcs', '2020-05-23 22:59:14', '2020-05-23 22:59:14', 1),
(28, 29, 8, 'pcs', '2020-05-23 23:03:42', '2020-05-23 23:03:42', 1),
(29, 30, 9, 'pcs', '2020-05-23 23:14:21', '2020-05-23 23:14:21', 1),
(30, 31, 10, 'pcs', '2020-05-23 23:21:00', '2020-05-23 23:21:00', 1),
(31, 32, 11, 'pcs', '2020-05-23 23:26:04', '2020-05-23 23:26:04', 1),
(32, 33, 11, 'pcs', '2020-05-23 23:31:03', '2020-05-23 23:31:03', 1),
(33, 34, 12, 'pcs', '2020-05-23 23:35:50', '2020-05-23 23:35:50', 1),
(34, 35, 13, 'pcs', '2020-06-10 07:46:51', '2020-06-10 07:46:51', 1),
(35, 36, 14, 'pcs', '2020-06-10 22:03:39', '2020-06-10 22:03:39', 1),
(36, 37, 14, 'pcs', '2020-06-10 22:06:12', '2020-06-10 22:06:12', 1),
(37, 38, 15, 'pcs', '2020-06-10 22:09:05', '2020-06-10 22:09:05', 1),
(38, 39, 16, 'pcs', '2020-06-10 22:14:39', '2020-06-10 22:14:39', 1),
(39, 40, 16, 'pcs', '2020-06-10 22:16:33', '2020-06-10 22:16:33', 1),
(40, 41, 17, 'pcs', '2020-06-10 22:41:43', '2020-06-10 22:41:43', 1),
(41, 42, 17, 'pcs', '2020-06-10 23:03:12', '2020-06-10 23:03:12', 1),
(42, 43, 19, 'pcs', '2020-06-10 23:54:46', '2020-06-10 23:54:46', 1),
(43, 44, 21, 'pcs', '2020-06-11 06:43:44', '2020-06-11 06:43:44', 1),
(44, 45, 21, 'pcs', '2020-06-11 06:48:47', '2020-06-11 06:48:47', 1),
(45, 46, 21, 'pcs', '2020-06-11 07:22:10', '2020-06-11 07:22:10', 1),
(46, 47, 10, 'pcs', '2020-06-11 08:34:09', '2020-06-11 08:34:09', 1),
(47, 48, 22, 'pcs', '2020-06-11 08:38:19', '2020-06-11 08:38:19', 1),
(48, 49, 22, 'pcs', '2020-06-11 08:40:52', '2020-06-11 08:40:52', 1),
(49, 50, 23, 'pcs', '2020-06-11 08:47:44', '2020-06-11 08:47:44', 1),
(50, 51, 23, 'pcs', '2020-06-11 08:58:27', '2020-06-11 08:58:27', 1),
(51, 52, 24, 'pcs', '2020-06-11 09:01:46', '2020-06-11 09:01:46', 1),
(52, 53, 25, 'pcs', '2020-06-11 09:09:03', '2020-06-11 09:09:03', 1),
(53, 54, 26, 'pcs', '2020-06-11 09:14:38', '2020-06-11 09:14:38', 1),
(54, 55, 26, 'pcs', '2020-06-11 09:16:28', '2020-06-11 09:16:28', 1),
(55, 56, 27, 'pcs', '2020-06-11 09:20:32', '2020-06-11 09:20:32', 1),
(56, 57, 12, 'pcs', '2020-06-11 09:24:58', '2020-06-11 09:24:58', 1),
(57, 58, 28, 'pcs', '2020-06-11 09:28:40', '2020-06-11 09:28:40', 1),
(58, 59, 28, 'pcs', '2020-06-11 09:31:37', '2020-06-11 09:31:37', 1),
(59, 60, 29, 'pcs', '2020-06-13 21:38:45', '2020-06-13 21:38:45', 1),
(60, 61, 29, 'pcs', '2020-06-13 21:40:37', '2020-06-13 21:40:37', 1),
(61, 62, 29, 'pcs', '2020-06-13 21:42:09', '2020-06-13 21:42:09', 1),
(62, 63, 29, 'pcs', '2020-06-13 21:43:45', '2020-06-13 21:43:45', 1),
(63, 64, 30, 'pcs', '2020-06-13 21:53:04', '2020-06-13 21:53:04', 1),
(64, 65, 30, 'pcs', '2020-06-13 21:55:22', '2020-06-13 21:55:22', 1),
(65, 66, 31, 'pcs', '2020-06-13 21:58:25', '2020-06-13 21:58:25', 1),
(66, 67, 31, 'pcs', '2020-06-13 22:00:14', '2020-06-13 22:00:14', 1),
(67, 68, 31, 'pcs', '2020-06-13 22:01:54', '2020-06-13 22:01:54', 1),
(68, 69, 32, 'pcs', '2020-06-13 22:07:14', '2020-06-13 22:07:14', 1),
(69, 70, 33, 'pcs', '2020-06-13 22:11:24', '2020-06-13 22:11:24', 1),
(70, 71, 34, 'pcs', '2020-06-14 07:31:32', '2020-06-14 07:31:32', 1),
(71, 72, 34, 'pcs', '2020-06-14 07:34:28', '2020-06-14 07:34:28', 1),
(72, 73, 34, 'pcs', '2020-06-14 07:36:41', '2020-06-14 07:36:41', 1),
(73, 74, 35, 'pcs', '2020-06-14 07:43:14', '2020-06-14 07:43:14', 1),
(74, 75, 35, 'pcs', '2020-06-14 07:44:40', '2020-06-14 07:44:40', 1),
(75, 76, 35, 'pcs', '2020-06-14 07:47:01', '2020-06-14 07:47:01', 1),
(76, 77, 35, 'pcs', '2020-06-14 07:50:42', '2020-06-14 07:50:42', 1),
(77, 78, 35, 'pcs', '2020-06-14 07:54:36', '2020-06-14 07:54:36', 1),
(78, 79, 35, 'pcs', '2020-06-14 07:58:54', '2020-06-14 07:58:54', 1),
(79, 80, 35, 'pcs', '2020-06-14 08:02:14', '2020-06-14 08:02:14', 1),
(80, 81, 35, 'pcs', '2020-06-14 08:04:34', '2020-06-14 08:04:34', 1),
(81, 82, 35, 'pcs', '2020-06-14 08:19:04', '2020-06-14 08:19:04', 1),
(82, 83, 36, 'pcs', '2020-06-14 21:24:23', '2020-06-14 21:24:23', 1),
(83, 84, 37, 'pcs', '2020-06-14 21:29:58', '2020-06-14 21:29:58', 1),
(84, 85, 37, 'pcs', '2020-06-14 21:35:08', '2020-06-14 21:35:08', 1),
(85, 86, 37, 'pcs', '2020-06-14 21:38:08', '2020-06-14 21:38:08', 1),
(86, 87, 38, 'pcs', '2020-06-14 21:44:48', '2020-06-14 21:44:48', 1),
(87, 88, 38, 'pcs', '2020-06-14 21:46:40', '2020-06-14 21:46:40', 1),
(88, 89, 38, 'pcs', '2020-06-14 21:49:40', '2020-06-14 21:49:40', 1),
(89, 90, 38, 'pcs', '2020-06-14 21:51:29', '2020-06-14 21:51:29', 1),
(90, 91, 38, 'pcs', '2020-06-14 21:53:17', '2020-06-14 21:53:17', 1),
(91, 92, 38, 'pcs', '2020-06-14 21:54:43', '2020-06-14 21:54:43', 1),
(92, 93, 39, 'pcs', '2020-06-14 21:57:58', '2020-06-14 21:57:58', 1),
(93, 94, 39, 'pcs', '2020-06-14 21:59:33', '2020-06-14 21:59:33', 1),
(94, 95, 39, 'pcs', '2020-06-14 22:02:45', '2020-06-14 22:02:45', 1),
(95, 96, 39, 'pcs', '2020-06-14 22:03:49', '2020-06-14 22:03:49', 1),
(96, 97, 40, 'pcs', '2020-06-15 09:35:36', '2020-06-15 09:35:36', 1),
(97, 98, 2, 'pcs', '2020-06-15 21:34:59', '2020-06-15 21:34:59', 1),
(98, 99, 41, 'pcs', '2020-06-15 21:38:29', '2020-06-15 21:38:29', 1),
(99, 100, 41, 'pcs', '2020-06-15 21:39:32', '2020-06-15 21:39:32', 1),
(100, 101, 42, 'pcs', '2020-06-15 21:43:00', '2020-06-15 21:43:00', 1),
(101, 102, 43, 'pcs', '2020-06-15 21:57:02', '2020-06-15 21:57:02', 1),
(102, 103, 2, 'pcs', '2020-06-15 22:00:01', '2020-06-15 22:00:01', 1),
(103, 104, 44, 'pcs', '2020-06-16 01:02:49', '2020-06-16 01:02:49', 1),
(104, 105, 46, 'pcs', '2020-06-16 01:15:23', '2020-06-16 01:15:23', 1),
(105, 106, 47, 'pcs', '2020-06-16 01:18:43', '2020-06-16 01:18:43', 1),
(106, 107, 48, 'pcs', '2020-06-16 01:21:23', '2020-06-16 01:21:23', 1),
(107, 108, 48, 'pcs', '2020-06-16 01:23:26', '2020-06-16 01:23:26', 1),
(108, 109, 48, 'pcs', '2020-06-16 01:26:24', '2020-06-16 01:26:24', 1),
(109, 110, 48, 'pcs', '2020-06-16 01:28:31', '2020-06-16 01:28:31', 1),
(110, 111, 48, 'pcs', '2020-06-16 01:32:51', '2020-06-16 01:32:51', 1),
(111, 112, 48, 'pcs', '2020-06-16 01:36:33', '2020-06-16 01:36:33', 1),
(112, 113, 49, 'pcs', '2020-06-17 06:14:39', '2020-06-17 06:14:39', 1),
(113, 114, 49, 'pcs', '2020-06-17 06:15:55', '2020-06-17 06:15:55', 1),
(114, 115, 49, 'pcs', '2020-06-17 06:30:46', '2020-06-17 06:30:46', 1),
(115, 116, 49, 'pcs', '2020-06-17 06:32:21', '2020-06-17 06:32:21', 1),
(116, 117, 49, 'pcs', '2020-06-17 06:34:02', '2020-06-17 06:34:02', 1),
(117, 118, 49, 'pcs', '2020-06-17 06:35:32', '2020-06-17 06:35:32', 1),
(118, 119, 49, 'pcs', '2020-06-17 06:40:26', '2020-06-17 06:40:26', 1),
(119, 120, 50, 'pcs', '2020-06-17 06:45:55', '2020-06-17 06:45:55', 1),
(120, 121, 51, 'pcs', '2020-06-17 06:51:14', '2020-06-17 06:51:14', 1),
(121, 122, 52, 'pcs', '2020-06-17 06:57:44', '2020-06-17 06:57:44', 1),
(122, 123, 53, 'pcs', '2020-06-17 21:39:35', '2020-06-17 21:39:35', 1),
(123, 124, 53, 'pcs', '2020-06-17 21:42:23', '2020-06-17 21:42:23', 1),
(124, 125, 54, 'pcs', '2020-06-17 22:28:49', '2020-06-17 22:28:49', 1),
(125, 126, 54, 'pcs', '2020-06-17 22:32:18', '2020-06-17 22:32:18', 1),
(126, 127, 43, 'pcs', '2020-06-17 22:34:11', '2020-06-17 22:34:11', 1),
(127, 128, 43, 'pcs', '2020-06-17 22:35:38', '2020-06-17 22:35:38', 1),
(128, 129, 43, 'pcs', '2020-06-17 22:37:03', '2020-06-17 22:37:03', 1),
(129, 130, 54, 'pcs', '2020-06-17 22:42:30', '2020-06-17 22:42:30', 1),
(130, 131, 54, 'pcs', '2020-06-17 22:51:13', '2020-06-17 22:51:13', 1),
(131, 132, 43, 'pcs', '2020-06-17 23:08:27', '2020-06-17 23:08:27', 1),
(132, 133, 43, 'pcs', '2020-06-17 23:09:45', '2020-06-17 23:09:45', 1),
(133, 134, 54, 'pcs', '2020-06-17 23:15:47', '2020-06-17 23:15:47', 1),
(134, 135, 54, 'pcs', '2020-06-17 23:18:55', '2020-06-17 23:18:55', 1),
(135, 136, 54, 'pcs', '2020-06-17 23:21:12', '2020-06-17 23:21:12', 1),
(136, 137, 54, 'pcs', '2020-06-17 23:23:40', '2020-06-17 23:23:40', 1),
(137, 138, 54, 'pcs', '2020-06-17 23:26:02', '2020-06-17 23:26:02', 1),
(138, 139, 55, 'pcs', '2020-06-17 23:45:16', '2020-06-17 23:45:16', 1),
(139, 140, 55, 'pcs', '2020-06-17 23:46:36', '2020-06-17 23:46:36', 1),
(140, 141, 38, 'pcs', '2020-06-18 21:17:01', '2020-06-18 21:17:01', 1),
(141, 142, 38, 'pcs', '2020-06-18 21:18:17', '2020-06-18 21:18:17', 1),
(142, 143, 38, 'pcs', '2020-06-18 21:19:38', '2020-06-18 21:19:38', 1),
(143, 144, 56, 'pcs', '2020-06-18 21:23:56', '2020-06-18 21:23:56', 1),
(144, 145, 57, 'pcs', '2020-06-18 21:27:15', '2020-06-18 21:27:15', 1),
(145, 146, 57, 'pcs', '2020-06-18 21:29:46', '2020-06-18 21:29:46', 1),
(146, 147, 58, 'pcs', '2020-06-18 21:32:55', '2020-06-18 21:32:55', 1),
(147, 148, 60, 'pcs', '2020-06-18 22:38:30', '2020-06-18 22:38:30', 1),
(148, 149, 60, 'pcs', '2020-06-18 22:42:03', '2020-06-18 22:42:03', 1),
(149, 150, 61, 'pcs', '2020-06-18 22:55:33', '2020-06-18 22:55:33', 1),
(150, 151, 62, 'pcs', '2020-06-19 06:05:20', '2020-06-19 06:05:20', 1),
(151, 152, 62, 'pcs', '2020-06-19 06:06:08', '2020-06-19 06:06:08', 1),
(152, 153, 2, 'pcs', '2020-06-19 06:16:27', '2020-06-19 06:16:27', 1),
(153, 154, 30, 'pcs', '2020-06-19 06:18:27', '2020-06-19 06:18:27', 1),
(154, 155, 64, 'pcs', '2020-06-19 06:24:15', '2020-06-19 06:24:15', 1),
(155, 156, 64, 'pcs', '2020-06-19 06:26:08', '2020-06-19 06:26:08', 1),
(156, 157, 65, 'pcs', '2020-06-19 06:29:55', '2020-06-19 06:29:55', 1),
(157, 158, 65, 'pcs', '2020-06-19 06:30:55', '2020-06-19 06:30:55', 1),
(158, 159, 66, 'pcs', '2020-06-19 21:09:09', '2020-06-19 21:09:09', 1),
(159, 160, 66, 'pcs', '2020-06-19 21:11:31', '2020-06-19 21:11:31', 1),
(160, 161, 67, 'pcs', '2020-06-19 21:16:38', '2020-06-19 21:16:38', 1),
(161, 162, 67, 'pcs', '2020-06-19 21:17:51', '2020-06-19 21:17:51', 1),
(162, 163, 67, 'pcs', '2020-06-19 21:19:31', '2020-06-19 21:19:31', 1),
(163, 164, 2, 'pcs', '2020-06-19 21:23:45', '2020-06-19 21:23:45', 1),
(164, 165, 2, 'pcs', '2020-06-19 21:25:16', '2020-06-19 21:25:16', 1),
(165, 166, 48, 'pcs', '2020-06-19 21:26:43', '2020-06-19 21:26:43', 1),
(166, 167, 68, 'pcs', '2020-06-19 21:33:39', '2020-06-19 21:33:39', 1),
(167, 168, 68, 'pcs', '2020-06-19 21:34:43', '2020-06-19 21:34:43', 1),
(168, 169, 69, 'lt', '2020-06-19 21:37:37', '2020-06-19 21:37:37', 1),
(169, 170, 20, 'pcs', '2020-06-19 21:41:33', '2020-06-19 21:41:33', 1),
(170, 171, 2, 'pcs', '2020-06-19 21:45:14', '2020-06-19 21:45:14', 1),
(171, 172, 70, 'pcs', '2020-06-19 21:47:41', '2020-06-19 21:47:41', 1),
(172, 173, 70, 'pcs', '2020-06-19 21:48:33', '2020-06-19 21:48:33', 1),
(173, 174, 71, 'pcs', '2020-06-19 21:57:42', '2020-06-19 21:57:42', 1),
(174, 175, 26, 'pcs', '2020-06-20 01:30:19', '2020-06-20 01:30:19', 1),
(175, 176, 72, 'pcs', '2020-06-20 01:34:04', '2020-06-20 01:34:04', 1),
(176, 177, 74, 'pcs', '2020-06-20 05:53:40', '2020-06-20 05:53:40', 1),
(177, 178, 2, 'pcs', '2020-06-20 05:56:00', '2020-06-20 05:56:00', 1),
(178, 179, 2, 'pcs', '2020-06-20 05:57:20', '2020-06-20 05:57:20', 1),
(179, 180, 21, 'pcs', '2020-06-20 05:59:53', '2020-06-20 05:59:53', 1),
(180, 181, 75, 'pcs', '2020-06-20 06:03:20', '2020-06-20 06:03:20', 1),
(181, 182, 75, 'pcs', '2020-06-20 06:08:13', '2020-06-20 06:08:13', 1),
(182, 183, 75, 'pcs', '2020-06-20 06:09:50', '2020-06-20 06:09:50', 1),
(183, 184, 75, 'pcs', '2020-06-20 06:11:12', '2020-06-20 06:11:12', 1),
(184, 185, 20, 'pcs', '2020-06-20 06:14:31', '2020-06-20 06:14:31', 1),
(185, 186, 20, 'pcs', '2020-06-20 06:15:56', '2020-06-20 06:15:56', 1),
(186, 187, 20, 'pcs', '2020-06-20 06:17:55', '2020-06-20 06:17:55', 1),
(187, 188, 76, 'pcs', '2020-06-20 06:22:37', '2020-06-20 06:22:37', 1),
(188, 189, 77, 'pcs', '2020-06-20 06:26:42', '2020-06-20 06:26:42', 1),
(189, 190, 77, 'pcs', '2020-06-20 06:28:25', '2020-06-20 06:28:25', 1),
(190, 191, 78, 'pcs', '2020-06-20 06:30:34', '2020-06-20 06:30:34', 1),
(191, 192, 43, 'pcs', '2020-06-20 06:34:49', '2020-06-20 06:34:49', 1),
(192, 193, 79, 'pcs', '2020-06-20 08:05:18', '2020-06-20 08:05:18', 1),
(193, 194, 78, 'pcs', '2020-06-20 08:06:37', '2020-06-20 08:06:37', 1),
(194, 195, 38, 'pcs', '2020-06-20 08:08:10', '2020-06-20 08:08:10', 1),
(195, 196, 80, 'pcs', '2020-06-20 08:09:55', '2020-06-20 08:09:55', 1),
(196, 197, 2, 'pcs', '2020-06-20 08:14:15', '2020-06-20 08:14:15', 1),
(197, 198, 2, 'pcs', '2020-06-20 08:16:00', '2020-06-20 08:16:00', 1),
(198, 199, 2, 'pcs', '2020-06-20 08:17:36', '2020-06-20 08:17:36', 1),
(199, 200, 82, 'pcs', '2020-06-20 08:21:18', '2020-06-20 08:21:18', 1),
(200, 201, 20, 'pcs', '2020-06-20 08:23:43', '2020-06-20 08:23:43', 1),
(201, 202, 83, 'pcs', '2020-06-20 08:29:21', '2020-06-20 08:29:21', 1),
(202, 203, 84, 'pcs', '2020-06-20 08:31:45', '2020-06-20 08:31:45', 1),
(203, 204, 48, 'pcs', '2020-06-20 21:29:25', '2020-06-20 21:29:25', 1),
(204, 205, 20, 'pcs', '2020-06-20 21:31:47', '2020-06-20 21:31:47', 1),
(205, 206, 20, 'pcs', '2020-06-20 21:33:06', '2020-06-20 21:33:06', 1),
(206, 207, 2, 'pcs', '2020-06-20 21:34:32', '2020-06-20 21:34:32', 1),
(207, 208, 86, 'pcs', '2020-06-20 22:52:37', '2020-06-20 22:52:37', 1),
(208, 209, 86, 'pcs', '2020-06-20 22:53:57', '2020-06-20 22:53:57', 1),
(209, 210, 86, 'pcs', '2020-06-20 22:54:57', '2020-06-20 22:54:57', 1),
(210, 211, 2, 'pcs', '2020-06-21 00:15:33', '2020-06-21 00:15:33', 1),
(211, 212, 13, 'pcs', '2020-06-21 00:17:56', '2020-06-21 00:17:56', 1),
(212, 213, 57, 'pcs', '2020-06-21 00:24:19', '2020-06-21 00:24:19', 1),
(213, 214, 87, 'pcs', '2020-06-21 00:38:39', '2020-06-21 00:38:39', 1),
(214, 215, 88, 'pcs', '2020-06-21 00:42:01', '2020-06-21 00:42:01', 1),
(215, 216, 89, 'pcs', '2020-06-22 00:43:33', '2020-06-22 00:43:33', 1),
(216, 217, 90, 'pcs', '2020-06-22 06:45:00', '2020-06-22 06:45:00', 1),
(217, 218, 90, 'pcs', '2020-06-22 06:48:01', '2020-06-22 06:48:01', 1),
(218, 219, 23, 'pcs', '2020-06-23 06:37:04', '2020-06-23 06:37:04', 1),
(219, 220, 93, 'pcs', '2020-06-23 06:44:57', '2020-06-23 06:44:57', 1),
(220, 221, 29, 'pcs', '2020-06-23 07:22:57', '2020-06-23 07:22:57', 1),
(221, 222, 29, 'pcs', '2020-06-23 07:24:44', '2020-06-23 07:24:44', 1),
(222, 223, 95, 'pcs', '2020-06-23 07:33:47', '2020-06-23 07:33:47', 1),
(223, 224, 93, 'pcs', '2020-06-23 07:45:21', '2020-06-23 07:45:21', 1),
(224, 225, 96, 'pcs', '2020-06-23 07:50:01', '2020-06-23 07:50:01', 1),
(225, 226, 97, 'pcs', '2020-06-23 07:53:33', '2020-06-23 07:53:33', 1),
(226, 227, 93, 'pcs', '2020-06-23 23:16:23', '2020-06-23 23:16:23', 1),
(227, 228, 20, 'pcs', '2020-06-23 23:20:29', '2020-06-23 23:20:29', 1),
(228, 229, 31, 'pcs', '2020-06-23 23:22:26', '2020-06-23 23:22:26', 1),
(229, 230, 2, 'pcs', '2020-06-23 23:27:17', '2020-06-23 23:27:17', 1),
(230, 231, 99, 'pcs', '2020-06-23 23:31:10', '2020-06-23 23:31:10', 1),
(231, 232, 100, 'pcs', '2020-06-23 23:40:49', '2020-06-23 23:40:49', 1),
(232, 233, 100, 'pcs', '2020-06-23 23:57:53', '2020-06-23 23:57:53', 1),
(233, 234, 2, 'pcs', '2020-07-25 20:06:42', '2020-07-25 20:06:42', 1),
(234, 235, 2, 'pcs', '2020-07-25 20:12:07', '2020-07-25 20:12:07', 1);

-- --------------------------------------------------------

--
-- Table structure for table `suppliers`
--

CREATE TABLE `suppliers` (
  `id` bigint(20) UNSIGNED NOT NULL,
  `supplier_name` varchar(200) COLLATE utf8_unicode_ci NOT NULL,
  `supplier_email` varchar(200) COLLATE utf8_unicode_ci NOT NULL,
  `supplier_address` varchar(500) COLLATE utf8_unicode_ci NOT NULL,
  `supplier_contact1` varchar(100) COLLATE utf8_unicode_ci NOT NULL,
  `supplier_contact2` varchar(100) COLLATE utf8_unicode_ci DEFAULT NULL,
  `balance` decimal(10,0) UNSIGNED NOT NULL DEFAULT '0',
  `due` decimal(10,0) UNSIGNED NOT NULL DEFAULT '0',
  `created_at` timestamp NULL DEFAULT NULL,
  `updated_at` timestamp NULL DEFAULT NULL,
  `deleted_at` timestamp NULL DEFAULT NULL
) ENGINE=InnoDB DEFAULT CHARSET=utf8 COLLATE=utf8_unicode_ci;

--
-- Dumping data for table `suppliers`
--

INSERT INTO `suppliers` (`id`, `supplier_name`, `supplier_email`, `supplier_address`, `supplier_contact1`, `supplier_contact2`, `balance`, `due`, `created_at`, `updated_at`, `deleted_at`) VALUES
(3, 'M/S. DELWAR AUTO TRADERS', 'as@gh.com', '১৯/১, ১৯/১, বি, সি, সি রোড, ঠাটারি বাজার,ঢাকা-১২০৩', '01711136165', '01919136165', '0', '450', '2020-06-29 00:42:41', '2020-07-25 20:20:22', NULL);

-- --------------------------------------------------------

--
-- Table structure for table `transactions`
--

CREATE TABLE `transactions` (
  `id` bigint(20) UNSIGNED NOT NULL,
  `amount` decimal(8,2) DEFAULT NULL,
  `type` varchar(255) COLLATE utf8_unicode_ci DEFAULT NULL,
  `method` varchar(255) COLLATE utf8_unicode_ci DEFAULT NULL,
  `payment_for` varchar(255) COLLATE utf8_unicode_ci DEFAULT NULL,
  `driver_id` bigint(20) DEFAULT NULL,
  `user_id` bigint(20) DEFAULT NULL,
  `notes` varchar(255) COLLATE utf8_unicode_ci DEFAULT NULL,
  `case_id` bigint(20) DEFAULT NULL,
  `rent_id` bigint(20) DEFAULT NULL,
  `loan_id` bigint(20) DEFAULT NULL,
  `inventorytransaction_id` bigint(20) DEFAULT NULL,
  `purchasedetail_id` bigint(20) DEFAULT NULL,
  `created_at` timestamp NULL DEFAULT NULL,
  `updated_at` timestamp NULL DEFAULT NULL,
  `salesdetails_id` bigint(20) DEFAULT NULL,
  `damage_id` bigint(20) DEFAULT NULL,
  `transaction_date` date DEFAULT NULL
) ENGINE=InnoDB DEFAULT CHARSET=utf8 COLLATE=utf8_unicode_ci;

--
-- Dumping data for table `transactions`
--

INSERT INTO `transactions` (`id`, `amount`, `type`, `method`, `payment_for`, `driver_id`, `user_id`, `notes`, `case_id`, `rent_id`, `loan_id`, `inventorytransaction_id`, `purchasedetail_id`, `created_at`, `updated_at`, `salesdetails_id`, `damage_id`, `transaction_date`) VALUES
(47, '4000.00', 'Credit', 'cash', 'purchase', NULL, 1, NULL, NULL, NULL, NULL, 6, 12, '2020-06-29 01:08:54', '2020-06-29 01:08:55', NULL, NULL, '2020-06-29'),
(54, '800.50', 'Debit', 'cash', 'rent', 48, 1, NULL, NULL, 21, NULL, NULL, NULL, '2020-07-19 18:59:45', '2020-07-19 18:59:45', NULL, NULL, '2020-07-20'),
(55, '0.00', 'Debit', 'cash', 'rent', 17, 1, NULL, NULL, 18, NULL, NULL, NULL, '2020-07-22 10:24:22', '2020-07-22 10:24:22', NULL, NULL, '2020-07-22'),
(56, '500.00', 'Debit', 'cash', 'rent', 26, 1, NULL, NULL, 16, NULL, NULL, NULL, '2020-07-22 15:18:21', '2020-07-22 15:18:21', NULL, NULL, '2020-07-22'),
(57, '5000.00', 'Credit', 'cash', 'purchase', NULL, 1, NULL, NULL, NULL, NULL, 7, 13, '2020-07-22 15:53:53', '2020-07-22 15:53:53', NULL, NULL, '2020-07-22'),
(58, '5000.00', 'Credit', 'cash', 'supplierPayment', NULL, 1, NULL, NULL, NULL, NULL, NULL, NULL, '2020-07-22 15:56:00', '2020-07-22 15:56:00', NULL, NULL, '2020-07-22'),
(59, '220.00', 'Debit', 'cash', 'sales', NULL, 1, NULL, NULL, NULL, NULL, 8, NULL, '2020-07-22 17:12:01', '2020-07-22 17:12:01', NULL, NULL, '2020-07-22'),
(60, '20.00', 'Debit', 'cash', 'sales', NULL, 1, NULL, NULL, NULL, NULL, 9, NULL, '2020-07-22 17:16:15', '2020-07-22 17:16:15', NULL, NULL, '2020-07-22'),
(61, '1000.00', 'Debit', 'cash', 'rent', 17, 1, NULL, NULL, 22, NULL, NULL, NULL, '2020-07-23 10:06:27', '2020-07-23 10:06:27', NULL, NULL, '2020-07-23'),
(62, '1500.00', 'Debit', 'cash', 'rent', 17, 1, NULL, NULL, 22, NULL, NULL, NULL, '2020-07-23 10:07:48', '2020-07-23 10:07:48', NULL, NULL, '2020-07-23'),
(63, '1020.00', 'Debit', 'cash', 'rent', 19, 1, NULL, NULL, 17, NULL, NULL, NULL, '2020-07-23 10:37:32', '2020-07-23 10:37:32', NULL, NULL, '2020-07-23'),
(64, '1020.00', 'Debit', 'cash', 'rent', 20, 1, NULL, NULL, 20, NULL, NULL, NULL, '2020-07-23 12:19:07', '2020-07-23 12:19:07', NULL, NULL, '2020-07-23'),
(65, '1020.00', 'Debit', 'cash', 'rent', 17, 1, NULL, NULL, 23, NULL, NULL, NULL, '2020-07-25 08:04:47', '2020-07-25 08:04:47', NULL, NULL, '2020-07-25'),
(66, '1020.00', 'Debit', 'cash', 'rent', 17, 1, NULL, NULL, 24, NULL, NULL, NULL, '2020-07-25 08:06:30', '2020-07-25 08:06:30', NULL, NULL, '2020-07-25'),
(72, '5000.00', 'Credit', 'cash', 'loan', 17, 1, NULL, NULL, NULL, 2, NULL, NULL, '2020-07-25 08:12:00', '2020-07-25 08:12:00', NULL, NULL, '2020-07-25'),
(73, '2000.00', 'Debit', 'cash', 'loanPayment', 17, 1, NULL, NULL, NULL, 2, NULL, NULL, '2020-07-25 08:17:49', '2020-07-25 08:17:49', NULL, NULL, '2020-07-25'),
(75, '500.00', 'Debit', 'cash', 'loanPayment', 17, 1, NULL, NULL, NULL, 2, NULL, NULL, '2020-07-25 08:20:36', '2020-07-25 08:20:36', NULL, NULL, '2020-07-25'),
(76, '1020.00', 'Debit', 'cash', 'rent', 17, 1, NULL, NULL, 25, NULL, NULL, NULL, '2020-07-25 08:25:15', '2020-07-25 08:25:15', NULL, NULL, '2020-07-25'),
(77, '5000.00', 'Debit', 'cash', 'sales', NULL, 1, NULL, NULL, NULL, NULL, 10, NULL, '2020-07-25 11:46:52', '2020-07-25 11:46:52', 31, NULL, '2020-07-25'),
(78, '400.00', 'Debit', 'cash', 'sales', NULL, 1, NULL, NULL, NULL, NULL, 11, NULL, '2020-07-25 11:48:32', '2020-07-25 11:48:32', 32, NULL, '2020-07-25'),
(79, '2000.00', 'Debit', 'cash', 'sales', NULL, 1, NULL, NULL, NULL, NULL, 12, NULL, '2020-07-25 12:07:51', '2020-07-25 12:07:51', 33, NULL, '2020-07-25'),
(80, '10000.00', 'Debit', 'cash', 'addMoney', NULL, 1, NULL, NULL, NULL, NULL, NULL, NULL, '2020-07-25 14:01:01', '2020-07-25 14:01:01', NULL, NULL, '2020-07-25'),
(81, '5000.00', 'Credit', 'cash', 'withdrawMoney', NULL, 1, NULL, NULL, NULL, NULL, NULL, NULL, '2020-07-25 14:01:52', '2020-07-25 14:01:52', NULL, NULL, '2020-07-25'),
(82, '5230.00', 'Debit', 'cash', 'addMoney', NULL, 1, NULL, NULL, NULL, NULL, NULL, NULL, '2020-07-25 14:07:15', '2020-07-25 14:07:15', NULL, NULL, '2020-07-25'),
(83, '150.00', 'Debit', 'cash', 'customerCollection', NULL, 1, NULL, NULL, NULL, NULL, NULL, NULL, '2020-07-25 14:17:13', '2020-07-25 14:17:13', NULL, NULL, '2020-07-25'),
(84, '500.00', 'Credit', 'cash', 'reMoney', NULL, 1, NULL, NULL, NULL, NULL, NULL, NULL, '2020-07-25 14:58:36', '2020-07-25 14:58:36', NULL, NULL, '2020-07-25'),
(85, NULL, 'Credit', 'cash', 'casePayment', NULL, 1, NULL, 2, NULL, NULL, NULL, NULL, '2020-07-25 17:16:23', '2020-07-25 17:16:23', NULL, NULL, '2020-07-25'),
(86, NULL, 'Credit', 'cash', 'casePayment', NULL, 1, NULL, 4, NULL, NULL, NULL, NULL, '2020-07-25 17:20:02', '2020-07-25 17:20:02', NULL, NULL, '2020-07-25'),
(87, '500.00', 'Debit', 'cash', 'rent', 17, 1, NULL, NULL, 26, NULL, NULL, NULL, '2020-07-25 17:28:44', '2020-07-25 17:28:44', NULL, NULL, NULL),
(88, '500.00', 'Debit', 'cash', 'loanPayment', 17, 1, NULL, NULL, NULL, 2, NULL, NULL, '2020-07-25 19:47:36', '2020-07-25 19:47:36', NULL, NULL, '2020-07-26'),
(89, '300.00', 'Debit', 'cash', 'addDamage', 17, 1, NULL, NULL, NULL, NULL, NULL, NULL, '2020-07-25 19:48:03', '2020-07-25 19:48:03', NULL, NULL, '2020-07-26'),
(90, '5222.00', 'Credit', 'cash', 'loan', 17, 1, NULL, NULL, NULL, 5, NULL, NULL, '2020-07-25 19:55:10', '2020-07-25 19:55:10', NULL, NULL, '2020-07-26'),
(91, NULL, 'Credit', 'cash', 'casePayment', NULL, 1, NULL, 3, NULL, NULL, NULL, NULL, '2020-07-25 19:56:14', '2020-07-25 19:56:14', NULL, NULL, '2020-07-26'),
(92, NULL, 'Credit', 'cash', 'casePayment', NULL, 1, NULL, 3, NULL, NULL, NULL, NULL, '2020-07-25 19:59:02', '2020-07-25 19:59:02', NULL, NULL, '2020-07-26'),
(93, '5000.00', 'Credit', 'cash', 'casePayment', NULL, 1, NULL, 3, NULL, NULL, NULL, NULL, '2020-07-25 20:00:43', '2020-07-25 20:00:43', NULL, NULL, '2020-07-26'),
(94, '5000.00', 'Debit', 'cash', 'collectCase', 20, 1, NULL, NULL, NULL, NULL, NULL, NULL, '2020-07-25 20:01:29', '2020-07-25 20:01:29', NULL, NULL, '2020-07-26'),
(95, '20000.00', 'Debit', 'cash', 'addMoney', NULL, 1, NULL, NULL, NULL, NULL, NULL, NULL, '2020-07-25 20:01:50', '2020-07-25 20:01:50', NULL, NULL, '2020-07-26'),
(96, '1000.00', 'Credit', 'cash', 'supplierPayment', NULL, 1, NULL, NULL, NULL, NULL, NULL, NULL, '2020-07-25 20:02:26', '2020-07-25 20:02:26', NULL, NULL, '2020-07-26'),
(97, '50.00', 'Credit', 'cash', 'purchase', NULL, 1, NULL, NULL, NULL, NULL, 13, 14, '2020-07-25 20:20:22', '2020-07-25 20:20:22', NULL, NULL, NULL),
(98, '4500.00', 'Debit', 'cash', 'sales', NULL, 1, NULL, NULL, NULL, NULL, 14, NULL, '2020-07-25 20:21:07', '2020-07-25 20:21:07', 34, NULL, NULL);

-- --------------------------------------------------------

--
-- Table structure for table `users`
--

CREATE TABLE `users` (
  `id` bigint(20) UNSIGNED NOT NULL,
  `name` varchar(255) COLLATE utf8_unicode_ci NOT NULL,
  `email` varchar(255) COLLATE utf8_unicode_ci NOT NULL,
  `email_verified_at` timestamp NULL DEFAULT NULL,
  `password` varchar(255) COLLATE utf8_unicode_ci NOT NULL,
  `remember_token` varchar(100) COLLATE utf8_unicode_ci DEFAULT NULL,
  `created_at` timestamp NULL DEFAULT NULL,
  `updated_at` timestamp NULL DEFAULT NULL
) ENGINE=InnoDB DEFAULT CHARSET=utf8 COLLATE=utf8_unicode_ci;

--
-- Dumping data for table `users`
--

INSERT INTO `users` (`id`, `name`, `email`, `email_verified_at`, `password`, `remember_token`, `created_at`, `updated_at`) VALUES
(1, 'Md Abrar Jahin Almazi Bipon', 'bipon.abrar@gmail.com', NULL, '$2y$10$jon8XxSwCx8u0UnbCYN8NuCEcSlLKKEQP55B3N3C/r6CD3AUdwJUa', 'yBHLCNPm2oW8FLfm2y0O0au10lKmAbei8fmDBDnYMgPtgKDnIHLSTH73b3ll', '2019-12-03 04:25:23', '2019-12-03 04:25:23'),
(10, 'Md Abrar Jahin Almazi Bipon', 'asbipon.abrar@gmail.com', NULL, '$2y$10$CIOolow5p1MXZryXNNRFCOeBTNs/AGbuay.kZub7TZAZHi.GE9kyy', NULL, '2019-12-18 16:32:27', '2019-12-18 16:32:27'),
(11, 'Md Abrar Jahin Almazi Bipon', '213bipon.abrar@gmail.com', NULL, '$2y$10$k7Uy7eMUBoBFdlWKxgugluIdFPq.reDkFkLL1uoFnnvuSWvL2JcrG', NULL, '2019-12-18 16:33:07', '2019-12-18 16:33:07'),
(12, 'Md Abrar Jahin Almazi Bipon', '122bipon.abrar@gmail.com', NULL, '$2y$10$BZIEy/v6KV6NSKexgsgfF.VV1oYTmOhtOBJX5KQpKBRrCiO8C2nZe', NULL, '2019-12-18 16:44:42', '2019-12-18 16:44:42'),
(14, 'Md Abrar Jahin Almazi Bipon', 'erebipon.abrar@gmail.com', NULL, '$2y$10$TvgiVNjWc5tlPshlYU5vG.01/oPLmxP4lu5T04J.FOu/NAYruQv/q', NULL, '2019-12-18 16:52:05', '2019-12-18 16:52:05'),
(15, 'Test User', '81287@gmail.co', NULL, '$2y$10$MWxTx4.7/fqkcvG29JmnUuPUIz2Mtrx9tj4t5AM3ATT.OjGTvKl.O', NULL, '2020-02-29 20:18:27', '2020-02-29 20:18:27'),
(16, 'Test User', '32500@gmail.co', NULL, '$2y$10$LGCgJrByfFbPKE0UPtoPT.uVcd4t05H9onDVp6EPBV7nqKe1cu.o2', NULL, '2020-02-29 20:30:53', '2020-02-29 20:30:53'),
(17, 'Md Abrar Jahin Almazi Bipon', '87004@gmail.co', NULL, '$2y$10$OS.1Ro2zChYU.O8vXaaZaOkREHEEKbsX/f9uMMeJTjVWXwXlcpTei', NULL, '2020-02-29 20:37:25', '2020-02-29 20:37:25'),
(18, 'Test User', '70182@gmail.co', NULL, '$2y$10$ytrQMZWKI24bRWNI5Myt3eU1yGrM0EdCDk7fsFDZAY6JiVMwmFWw.', NULL, '2020-02-29 20:42:00', '2020-02-29 20:42:00'),
(19, 'Test User', '94994@gmail.co', NULL, '$2y$10$X1iCSs7EFzwVU5Yuoye58OUeXVU6OfG/3NZYoUWD1LD2Ca.Wk1RjO', NULL, '2020-02-29 20:44:12', '2020-02-29 20:44:12'),
(20, 'Test User', '19227@gmail.co', NULL, '$2y$10$xKFpHv5Z7TZbXhBr0cACiOSlw6WMwHZTTbMSeUDGOlr79hXcKl1xy', NULL, '2020-02-29 21:01:46', '2020-02-29 21:01:46'),
(21, 'Md Abrar Jahin Almazi Bipon', '27947@gmail.co', NULL, '$2y$10$Wh/XyxntCcgr3RSXTBrnX.weWwX3zX7dC1rGu3DsQM0wyXT02Sh/2', NULL, '2020-02-29 21:05:30', '2020-02-29 21:05:30'),
(22, 'Md Abrar Jahin Almazi Bipon', '36818@gmail.co', NULL, '$2y$10$fGDfwkcP7CqmsbnT5AkZAuQP6mGY5NcPF9TFw902eNCEmGCfwfdCC', NULL, '2020-02-29 21:10:33', '2020-02-29 21:10:33'),
(23, 'Md Abrar Jahin Almazi Bipon', '34994@gmail.co', NULL, '$2y$10$VsDdIG1qfU8Ubwa9X4g6.uzYdun/7T9K.BCgRe4W4lqhfd.4bHw/S', NULL, '2020-02-29 21:11:52', '2020-02-29 21:11:52'),
(24, 'FIROZ MIAH', '69933@gmail.co', NULL, '$2y$10$7EBUd3cLelNqk1c58Ge4b.RMgMER92LxjLn9ZGiZa4/0INrfp12uG', NULL, '2020-03-01 23:44:54', '2020-03-01 23:44:54'),
(25, 'FIROZ MIAH', '55586@gmail.co', NULL, '$2y$10$GLeU.AakdXeHiGZTv5ZE.OIxQf6nLe.wSMcIFhGgUhRR/rfiyiT3O', NULL, '2020-03-01 23:45:42', '2020-03-01 23:45:42'),
(26, 'FIROZ MIAH', '48781@gmail.co', NULL, '$2y$10$1lsaLcA/r1krkt1I77ONt.E0EKVV2M4QPZ/PKwghfrFhVIPOk7b0G', NULL, '2020-03-01 23:46:29', '2020-03-01 23:46:29'),
(27, 'Demo', '90225@gmail.co', NULL, '$2y$10$.CCCkRRZrJ4887x43tXh4uX0XSIAeX20ih9s7Ad7R.aTEC00ffZQK', NULL, '2020-03-14 04:36:28', '2020-03-14 04:36:28'),
(28, 'Demo', '95377@gmail.co', NULL, '$2y$10$ff0UJC2XOxDI863bHRvTnuLBbh.aw7JU0kZ2YXfTrQMGS2wfFeBc2', NULL, '2020-03-14 04:38:03', '2020-03-14 04:38:03'),
(29, 'Demo', '8500@gmail.co', NULL, '$2y$10$GY5./8YkWpoWwrTiAOx/ceTEYdC/0iUyoAENwMgtkmDauXisKq1JC', NULL, '2020-03-14 04:57:04', '2020-03-14 04:57:04'),
(30, 'MD.NAZRUL', '68039@gmail.co', NULL, '$2y$10$ubOzj5HZtred/EDbszi9zuF9ERIL.yuj6OaIRqKTYtfwTFu7jlmYu', NULL, '2020-03-14 05:18:41', '2020-03-14 05:18:41'),
(31, 'MD.FIROJ MIA', '53539@gmail.co', NULL, '$2y$10$G4O3A1nFaJYG2kfsFPgpc.aHD3PPfi8XxJm10UW.MXaN7yak35Li2', NULL, '2020-03-14 05:34:50', '2020-03-14 05:34:50'),
(32, 'MD.SAHAJAMAN', '40800@gmail.co', NULL, '$2y$10$RrVs5io76jtolQFDCeZQg.zJIvO0yWNMTM9NGysi3kefF70NlzEEG', NULL, '2020-03-14 05:46:09', '2020-03-14 05:46:09'),
(33, 'MD.MINTU MIA', '9313@gmail.co', NULL, '$2y$10$3uEQmUgE8pmb.fLJ/CH5BeSmmuxppst03kM5EZICgiYUa4mkka9L2', NULL, '2020-03-14 07:04:06', '2020-03-14 07:04:06'),
(34, 'MD AKTER ALI (MOFIZUL-01742183154)', '44849@gmail.co', NULL, '$2y$10$vqDajRkOEBRnAYAC0Z9ACe/CtQZurYclpXWgUHlbWfoRg/bO78y0i', NULL, '2020-03-14 07:43:19', '2020-03-14 07:43:19'),
(35, 'ABUL HOSSAIN', '52258@gmail.co', NULL, '$2y$10$JgXHpKpXjcg1qqHlCk.YOOT0pmT/Aepr1AvU3b3kzjQ..0XeIsN0S', NULL, '2020-03-15 06:51:24', '2020-03-15 06:51:24'),
(36, 'MD.ABDUL ROSHID MIA', '65762@gmail.co', NULL, '$2y$10$3HLEixc3Adz9IkcJ3.lhzeCZEXttnkd83cJfuD9p7HzqZPILGp2Fy', NULL, '2020-03-15 07:08:02', '2020-03-15 07:08:02'),
(37, 'MD.ABDUL ROSHID MIA', '50536@gmail.co', NULL, '$2y$10$D4e5Brf1p8j2Csr6u9cSGemM5ZmgwAjfjHy3bGHgMjBdOH4O6UoCu', NULL, '2020-03-15 07:12:28', '2020-03-15 07:12:28'),
(38, 'MD.ROFIQUL ISLAM', '35449@gmail.co', NULL, '$2y$10$MfoLYwePaCZKCIhFIBJJ3.X4o2K75lLTF/nrrjrLlY/ga8cueMM8y', NULL, '2020-03-15 07:20:54', '2020-03-15 07:20:54'),
(39, 'MD.TWAHID', '63357@gmail.co', NULL, '$2y$10$UWcYXNXwl0h5ruwD.nG48ug91YyrDlbcukawTSfn9Kkn37KaK5hgG', NULL, '2020-03-15 07:31:57', '2020-03-15 07:31:57'),
(40, 'JAMAL MOLLA', '72521@gmail.co', NULL, '$2y$10$d2wiW.6Ou1jvxJN0YIei/eUMpD068nAWTwFloYQJIkqlqGVeZPelC', NULL, '2020-03-15 07:42:47', '2020-03-15 07:42:47'),
(41, 'MD.SANOWAR HOSEN SHAHIN', '37595@gmail.co', NULL, '$2y$10$ovde8gvX3/kdVsfHZ7zYheGM99DS9aemo/9p..DBt2kMO7.mkiZUO', NULL, '2020-03-15 08:15:21', '2020-03-15 08:15:21'),
(42, 'MD.MISTER MONDOL', '74244@gmail.co', NULL, '$2y$10$P42Uys7w5X2rSuOdDrH5IebSqIes0piNh94m2m8XafN8sbg8geW5y', NULL, '2020-03-15 08:56:47', '2020-03-15 08:56:47'),
(43, 'MD.SHAFIQUL ISLAM', '80007@gmail.co', NULL, '$2y$10$uPOnzm7BtfE6N6Bah4mCCOdL40.rF/UDQSruwbM7KtnS9RpRmE7Me', NULL, '2020-03-15 09:13:47', '2020-03-15 09:13:47'),
(44, 'MD.SHAFIQUL ISLAM', '38353@gmail.co', NULL, '$2y$10$5bqQVQ/1s00yfKXhA4g45u5XMb0IttIsUx.N1Rj4DvNV7MpeFMYWu', NULL, '2020-03-15 09:14:56', '2020-03-15 09:14:56'),
(45, 'Demo 55', '29323@gmail.co', NULL, '$2y$10$adpmgcocIXbFBcyc5t2PaOTIohDPmJNN0Johc0eZ7i3N7QN64FnIO', NULL, '2020-03-16 06:24:47', '2020-03-16 06:24:47'),
(46, 'MD. MIZANUR RAHMAN', '20600@gmail.co', NULL, '$2y$10$LIJdQj7Ewgh6ds5u83F.yu6UHkADL4Z3blVJfBfr92Wl6lwRbnxQe', NULL, '2020-03-16 06:56:03', '2020-03-16 06:56:03'),
(47, 'MD. ALAMGIR HOSSAIN', '29367@gmail.co', NULL, '$2y$10$b5Z.K3zmx/Jn3tIoaczOFOq85kxuYuLV5hC3QZGxsAGVw5wD/poQ2', NULL, '2020-03-16 10:35:15', '2020-03-16 10:35:15'),
(48, 'TMD. TOFAJJAL HOSEN', '99512@gmail.co', NULL, '$2y$10$01Z3NBMzFevqxHnAt0SNYeG8GJ.Pw3TCd6ofl1SlO.zmczVZxIcEq', NULL, '2020-03-16 22:27:14', '2020-03-16 22:27:14'),
(49, 'MD. MOMAN MIAH', '94984@gmail.co', NULL, '$2y$10$4Bnc1sXLhoKRb0Z.XtwDCeTBRptpK6s4IsmL7CJLRDfZqz0sK8UlO', NULL, '2020-03-16 22:38:34', '2020-03-16 22:38:34'),
(50, 'MD. MONIRUL ISLAM', '87316@gmail.co', NULL, '$2y$10$GGkDkP756BjBJWa2zEM63e1iQL0BdwoTXt8FC0yZekZOoorCm.2QG', NULL, '2020-03-16 22:47:47', '2020-03-16 22:47:47'),
(51, 'MD. MOHIR UDDIN', '4141@gmail.co', NULL, '$2y$10$D6uJJl/8X5UxvtOaXEam4uurWn3smzY8PvHNKL5D56fE33zemODnu', NULL, '2020-03-16 23:23:53', '2020-03-16 23:23:53'),
(52, 'MD. ABDUL GAFUR', '97674@gmail.co', NULL, '$2y$10$70Z7YWBCe9EUYovZi/z9LOUXyhBxAO8t.Tthpnx0IME5ybt1oSd..', NULL, '2020-03-16 23:35:46', '2020-03-16 23:35:46'),
(53, 'MD. KHOKON MIA', '65561@gmail.co', NULL, '$2y$10$VfSCENSrxGr0cxj2JhoNputk0W6siekV0QdsWrx/a/84NpQ2RGXjC', NULL, '2020-03-16 23:50:02', '2020-03-16 23:50:02'),
(54, 'MD. YEANUS ALI', '33360@gmail.co', NULL, '$2y$10$k50Uuy8qu8YwdBkoEjK1COQv588Q8tZsoHqhd77I9FnfjDErnHgEO', NULL, '2020-03-17 00:02:04', '2020-03-17 00:02:04'),
(55, 'MD.SHAHIN HOSSEN', '17356@gmail.co', NULL, '$2y$10$sofmrTNYOCKIBKOrvxM8IO1XbFi0Z6Fywde.gdJTTXF0Hi5pLQXtK', NULL, '2020-03-18 22:40:50', '2020-03-18 22:40:50'),
(56, 'MD.RABIUL ISLAM', '37058@gmail.co', NULL, '$2y$10$NRTS0bVoO6kio7S2aWw2K.t/Vv7LkGsnZevkJkplW6OCarsSpd/ta', NULL, '2020-03-18 22:47:54', '2020-03-18 22:47:54'),
(57, 'MD. ROFIQUL ISLAM', '73155@gmail.co', NULL, '$2y$10$3pK2TvrqXM4VTKFTpT0bWOHkFaQydkg/snqZoddTQa9VU2LfX4CBu', NULL, '2020-03-18 23:01:10', '2020-03-18 23:01:10'),
(58, 'MD. ZAMIR', '74923@gmail.co', NULL, '$2y$10$XlvcDzK05zFd4JOGUO7auOpkdMxUrauy6MC9eEi.P27CVX3L3CWDG', NULL, '2020-03-18 23:12:49', '2020-03-18 23:12:49'),
(59, 'MD. HABIBUR RAHAMAN', '85407@gmail.co', NULL, '$2y$10$O3g/0It/flVnpBo0smOAUuTsRp9L8xd.dDf5mNxu0WpHwS6qhBBUy', NULL, '2020-03-20 23:17:09', '2020-03-20 23:17:09'),
(60, 'MD. SHA-JAHAN', '97039@gmail.co', NULL, '$2y$10$WhLtlcqX0xt//dGtN7CBY.2bnwilYAvBkdMOt7EZp7WxzYBaPxHlm', NULL, '2020-03-20 23:24:12', '2020-03-20 23:24:12'),
(61, 'MD. ABDUL HAKIM', '99877@gmail.co', NULL, '$2y$10$3DoerZGkzg6fiBtksGpYzuaZkQLPkpPPYxB.Vyz0RqIQ3Ns85aMYS', NULL, '2020-03-21 09:54:59', '2020-03-21 09:54:59'),
(62, 'MD.MOTALEB MIA', '76278@gmail.co', NULL, '$2y$10$3syMjrbUZR/tshdpj/.VE.DjNZpJqWd.BrJ.ooszOLrJADtXa/p1a', NULL, '2020-03-21 22:18:30', '2020-03-21 22:18:30'),
(63, 'MD. SIDDIQUR RAHOMAN', '69608@gmail.co', NULL, '$2y$10$VAXnqQwjgePkP640M/CnJORq470Nha0I8VRXxlYCdyGISZUSlqTDi', NULL, '2020-03-21 23:19:40', '2020-03-21 23:19:40'),
(64, 'MD. MOHIDUL ISLAM', '75763@gmail.co', NULL, '$2y$10$jnAkm.7S1lbHGFw/cLBUAOqtxJgCJ5IGS0pljRRSF31UE4PEOe73a', NULL, '2020-03-21 23:27:29', '2020-03-21 23:27:29'),
(65, 'SAHIDUL ISLAM', '39099@gmail.co', NULL, '$2y$10$3E3bfX6f7Cg3WiOSNxDsOOJ3TKncqkRAZbfmsab2fVYYsKCHGvooW', NULL, '2020-03-23 21:55:10', '2020-03-23 21:55:10'),
(66, 'MD.JAHANGIR ALOM', '74136@gmail.co', NULL, '$2y$10$tTuhqZKjpTVkIEZQWfhwJeCt8HqV0XXqLwGaNbkwmhcv.g.HsFDV.', NULL, '2020-03-23 22:06:48', '2020-03-23 22:06:48'),
(67, 'MD. YOUSUF ALI', '88246@gmail.co', NULL, '$2y$10$Cloeb2FunKz/u0fN09lE5u1vF2sXJlNLXPNaqU22UReIBt.PqD9Pe', NULL, '2020-03-23 22:16:09', '2020-03-23 22:16:09'),
(68, 'MD. FARUK HOSSAIN', '71958@gmail.co', NULL, '$2y$10$BRUXBqiQNtGziTugR7xoge1rZFGqY0nbdnZb8Gya1NT9NOmtorXVG', NULL, '2020-03-23 22:26:00', '2020-03-23 22:26:00'),
(69, 'MD. SAGOR', '70567@gmail.co', NULL, '$2y$10$jKO5jeJK/IQ56wqZbURADO5CQozRrrmLuZMMux41miV8s82rwsOSO', NULL, '2020-03-23 22:34:08', '2020-03-23 22:34:08'),
(70, 'LAL MIA', '7418@gmail.co', NULL, '$2y$10$1Djpip7XeGSvnP4WKhFHEe/JEnKhAaOykQGo4LlPYtOnUytX22Kpy', NULL, '2020-03-23 22:51:31', '2020-03-23 22:51:31'),
(71, 'MD. ABDUL BARAK', '25830@gmail.co', NULL, '$2y$10$62YCj6qXAL4mkEypY0eqjOiyar.r0bhH/uJTqqD/Mnm9wyPcHxePK', NULL, '2020-03-23 23:00:56', '2020-03-23 23:00:56'),
(72, 'MD. MASUD FAKHIR', '20043@gmail.co', NULL, '$2y$10$km/RluuFIL0xo2SPaGWa.uEc/bfF/CcvRH3AbptJsdk/VzM/8GEW2', NULL, '2020-03-23 23:14:13', '2020-03-23 23:14:13'),
(73, 'MD. HAFIZUR RAHMAN', '96429@gmail.co', NULL, '$2y$10$NHgUGvQNyRxyX/0jo6F8Tu7FFGnQmKr9QYopRNRWBtwnRIqgluZIW', NULL, '2020-03-26 09:53:28', '2020-03-26 09:53:28'),
(74, 'MD. JAMAL MIA', '23340@gmail.co', NULL, '$2y$10$0IWZ1sGq7Zroe35Vg7KL5.tVsXcIF9ciBKaixk.238MrZc2Ys0vNu', NULL, '2020-03-26 10:03:13', '2020-03-26 10:03:13'),
(75, 'MD. NUR-HOSSAIN', '5731@gmail.co', NULL, '$2y$10$95CVupIU5RwDH3AH8j64oucdQjeGT/7NkUjXpMhF8krHb4uYKHyha', NULL, '2020-03-26 10:08:57', '2020-03-26 10:08:57'),
(76, 'ABDUS SALAM', '71770@gmail.co', NULL, '$2y$10$qJi1pioXg9RiZCPaGv8HauaS9WNDCfKWV77NE8XLmncNPsvV6fSzG', NULL, '2020-03-26 10:13:31', '2020-03-26 10:13:31'),
(77, 'SHAIFUL', '92213@gmail.co', NULL, '$2y$10$bDbw80LdImRuweio7/cbcu9toSE9HocXImixSBQsuor3rHnghMynq', NULL, '2020-03-26 10:18:42', '2020-03-26 10:18:42'),
(78, 'FOJLU HAQUE', '20621@gmail.co', NULL, '$2y$10$6l/l4KdtjwGVe58jSuT4suJJyykSCu3wkoqFdhQApnV47Gz1bxvOW', NULL, '2020-03-26 10:28:03', '2020-03-26 10:28:03'),
(79, 'MD. DULAL MIA', '92784@gmail.co', NULL, '$2y$10$EMSnwjBFhnF19.eQ/omkBOjk/PvZhilLhW6K2MlX0TTz/BngExpgK', NULL, '2020-03-26 10:33:28', '2020-03-26 10:33:28'),
(80, 'MD. BILLAL HOSSAIN', '75751@gmail.co', NULL, '$2y$10$InsHUcf4LTXhIZcCe/KnI.OSox7ZL.RyXX/CGD5fRlxp5zRRu/CEu', NULL, '2020-03-26 10:40:25', '2020-03-26 10:40:25'),
(81, 'MD. ABUL BASHIR', '3716@gmail.co', NULL, '$2y$10$lrtxKpl5OKCIDyXPBs6FO.Eu.7ioFALpHFThG31V6U.GHNzk4pMiy', NULL, '2020-03-26 21:54:08', '2020-03-26 21:54:08'),
(82, 'MD. BABUL', '91697@gmail.co', NULL, '$2y$10$11JG60obha9jNewLQ2bg4.ppUGkq.vcBHDr5wgbblgtTd9W2uN55W', NULL, '2020-03-26 21:59:48', '2020-03-26 21:59:48'),
(83, 'MD.JASHIM UDDIN', '85315@gmail.co', NULL, '$2y$10$LdYh14X6H5vkMhGMn.BjpuMl4r0ke/aI9o5t81FkLkMifqNqU2c6i', NULL, '2020-03-26 22:18:42', '2020-03-26 22:18:42'),
(84, 'MD. ASHRAF ALI', '32457@gmail.co', NULL, '$2y$10$V98baKOaKCu4RHpLG5y9w.yr/8AnAR46rfLqAITdTOA9dba9ki0Na', NULL, '2020-03-26 22:23:39', '2020-03-26 22:23:39'),
(85, 'JAMAL CHOWDUARY', '47332@gmail.co', NULL, '$2y$10$GnhBAuUBVMKTb1jlJ4Hw4e5kg/Ns6As0kDjCo8oPV/BzzqyGsNFpO', NULL, '2020-03-26 22:27:59', '2020-03-26 22:27:59'),
(86, 'MD. BADOL MIA', '18412@gmail.co', NULL, '$2y$10$UgWuEuqdAyOvPGrrh7rk0ewpuBvPcMRBzan3FAkGylFzherWaQ5Ey', NULL, '2020-03-26 22:33:10', '2020-03-26 22:33:10'),
(87, 'MD. LIVER', '42328@gmail.co', NULL, '$2y$10$XxQBhxAlRTY41ohmx.pJuurgodYaMJBgj5OYJMaBfnHA/qa/44I82', NULL, '2020-03-26 22:37:49', '2020-03-26 22:37:49'),
(88, 'MD. AMINUL SHEIKH', '37185@gmail.co', NULL, '$2y$10$ZGazPfr/CylXvYuACfJN2eCUNfbEhobdu0Jpd8NTt24mMrWA2DSTe', NULL, '2020-03-26 22:42:19', '2020-03-26 22:42:19'),
(89, 'MD.ABDUL ARIF', '16537@gmail.co', NULL, '$2y$10$m1OhAkQmvqmgQ3cYyoParupeG.PjvDzoqrclmrAAX8P2hstSh8I6S', NULL, '2020-03-26 22:47:56', '2020-03-26 22:47:56'),
(90, 'MD. MOHADDIS HOSSAIN', '97516@gmail.co', NULL, '$2y$10$W.vn0iwttcGy6kS9Dw7l/u4uAq9LwUEo9955mUcQ/ia79smLUTqyG', NULL, '2020-03-26 22:54:48', '2020-03-26 22:54:48'),
(91, 'MD. MORSED MIA', '69411@gmail.co', NULL, '$2y$10$bEiUClIbKA4tX24OV6pTr.HZRWD0FiREdmae0FrIkADKC9joQd54S', NULL, '2020-03-27 06:02:21', '2020-03-27 06:02:21'),
(92, 'MD. MILON MONDOL', '69855@gmail.co', NULL, '$2y$10$ezmEsSN2bo.fi0R5L8nTj.bpHFOVzqMFcBC9KcyWR9PUx0aK88she', NULL, '2020-03-27 07:06:10', '2020-03-27 07:06:10'),
(93, 'MD. AIYAN ALI', '49052@gmail.co', NULL, '$2y$10$VQNguCmPnJnlHu/WMX0u3uF4eicvgXtgY0RJCzJQfSJ1S2DnqQ0bO', NULL, '2020-03-27 07:29:09', '2020-03-27 07:29:09'),
(94, 'MD. BILLAL', '24494@gmail.co', NULL, '$2y$10$zjbUxqhw77T0jzO9ZbP36uK0Dpn172.msiZbnvCy2pR5EeVEEMy7a', NULL, '2020-03-27 07:35:41', '2020-03-27 07:35:41'),
(95, 'HAZRAT ALI', '70517@gmail.co', NULL, '$2y$10$gn44a2RFCINK7WieIpmxhuqwNT1vKIIHT0B9cVsjZgRUzAPadS8hm', NULL, '2020-03-27 07:53:38', '2020-03-27 07:53:38'),
(96, 'MD. FARID UD JAMMAN', '32094@gmail.co', NULL, '$2y$10$h/4znzXx4kWjMwPChtHb1.4VHWFd7ojtVc.4G7QM7Z3TQu4/EZPUC', NULL, '2020-03-27 08:05:44', '2020-03-27 08:05:44'),
(97, 'MD.ANOWAR HOSSAIN', '98397@gmail.co', NULL, '$2y$10$saXaX3Sdy0gLIE1nyfYsheEpn13xwBFoUpdf2DtXA783hZmCJ8HEC', NULL, '2020-03-27 08:14:47', '2020-03-27 08:14:47'),
(98, 'MD.HASEM MIA', '67306@gmail.co', NULL, '$2y$10$wK65JtTLC8YpF0icRIiWy.Ax5OWLIsIXtP6eSs/2Dg1bhXl6koiri', NULL, '2020-03-27 08:19:47', '2020-03-27 08:19:47'),
(99, 'SAHIDUL ISLAM', '24400@gmail.co', NULL, '$2y$10$xlH7R0DNm6/Z3TpFOOMpn.JqhBN/3Fe7M5oPxP3q/JHQoLOcv4wsS', NULL, '2020-03-27 08:25:49', '2020-03-27 08:25:49'),
(100, 'MD. KAMAL UDDIN', '75923@gmail.co', NULL, '$2y$10$WhBJlQYJHARfB3zI82z6GOvKLUQHas2iieNs35InqViw89V6hFhV.', NULL, '2020-03-27 08:32:15', '2020-03-27 08:32:15'),
(101, 'SHAMIM OSMAN GONI', '85251@gmail.co', NULL, '$2y$10$J2Vv0oBmIjRA8AH0vN3JhOKv1Y2WlAUtWRP4UQiHFVBnj/FIP/0o2', NULL, '2020-03-27 08:43:27', '2020-03-27 08:43:27'),
(102, 'MD. NAJIM UDDIN', '11537@gmail.co', NULL, '$2y$10$KKq2oRR3Sxo64X4VR1jqauNMTfZaFVuoNj4TI4Qkwcqz7kzx2PIHi', NULL, '2020-03-27 08:49:23', '2020-03-27 08:49:23'),
(103, 'MD. ABDUR ROB KHAN', '41674@gmail.co', NULL, '$2y$10$WXf4HpbNWlBUC9Was2qw3umCGE5T.gVvNmIrN4DH6eJHhC72BMzOS', NULL, '2020-03-27 08:58:43', '2020-03-27 08:58:43'),
(104, 'MD. NUR_ALAM', '35768@gmail.co', NULL, '$2y$10$7d4hoQ17mfgaEgQBDFF1Tu77sVPIYD11NLyc00ifZT0F4ejeSb3LO', NULL, '2020-05-11 20:59:28', '2020-05-11 20:59:28'),
(105, 'MD. ZAMIR', '90907@gmail.co', NULL, '$2y$10$ueT9fMsCHmXLl4/EDlnrQOgv9CcgLa2lt09khMatQmR1cHspUM6ty', NULL, '2020-05-11 21:17:47', '2020-05-11 21:17:47'),
(106, 'MD. MOHIR UDDIN', '98802@gmail.co', NULL, '$2y$10$1ihX199eH6mHvx7rkO0sQ.lRVtE.Pxm/Bq9.rrXY1dwE3g/1Tl3jG', NULL, '2020-05-11 21:53:23', '2020-05-11 21:53:23'),
(107, 'MD. RASHEL MIA', '17666@gmail.co', NULL, '$2y$10$BSyVJSjY5GDUr4rGHmrZfuSkGugYNzkCGfVxMgCrc2SOQySaxpibS', NULL, '2020-05-16 22:56:24', '2020-05-16 22:56:24'),
(108, 'RAFIQUL ISLAM', '3730@gmail.co', NULL, '$2y$10$szHN1dJUIT4HZbT1OWW.q.jarN8aqxcRLpMM78UlJB/IifwCh68TG', NULL, '2020-05-18 23:12:41', '2020-05-18 23:12:41'),
(109, 'SAHIN SHEIKH', '88603@gmail.co', NULL, '$2y$10$cA9YPIF6YC5NzzpU9ZlGE.M5Ov/y7Pe30ygPcyLpIaH8xW9xo01kW', NULL, '2020-05-18 23:19:04', '2020-05-18 23:19:04'),
(110, 'MD. BOURHAN MIA', '83818@gmail.co', NULL, '$2y$10$QEV0NohqD0zw7yJF4fermuDRcUY2rJxFI.XTRaZsOvc9splLnqY0S', NULL, '2020-05-18 23:28:02', '2020-05-18 23:28:02'),
(111, 'JAHANGIR', '81957@gmail.co', NULL, '$2y$10$F.uPR9nYFJ3MAiuiCzFvN.89sAP49xCFrLms0BbulQfzo0N6z0zau', NULL, '2020-05-18 23:49:09', '2020-05-18 23:49:09'),
(112, 'MD. AZIBAR', '94098@gmail.co', NULL, '$2y$10$W6su25d3JR4bvnc7a4ZoDO6kcf7Y0/XE8WiSRqpiIyNvyF/dBwcuq', NULL, '2020-05-18 23:59:08', '2020-05-18 23:59:08'),
(113, 'MD. MOSTOFA KHAN', '82416@gmail.co', NULL, '$2y$10$hOhFB5lw7Ix8agGsBfdZjeHg5RZajnpR8hNPNnEfT3TWeve4sdk7K', NULL, '2020-05-19 00:07:48', '2020-05-19 00:07:48'),
(114, 'MD. ATIWAR RAHMAN SENTU', '4020@gmail.co', NULL, '$2y$10$fEUz4F82uUEoQ6VmjHDZA.WLx8wcn/He7zvxBOnMnDZFJNdo13/V2', NULL, '2020-05-19 00:16:27', '2020-05-19 00:16:27'),
(115, 'MD.TOFAZZAL HOSSAIN', '26960@gmail.co', NULL, '$2y$10$/i6CqwvHARswSZyH5ZE9ZOL6yadOiArAj68S8NW3N/ylSTYfglj5a', NULL, '2020-05-21 22:16:54', '2020-05-21 22:16:54'),
(116, 'MD. SHAIFUL ISLAM', '2825@gmail.co', NULL, '$2y$10$sjOGIR0SRHAZHxdoztcniOC5p8thkCL5WDbdEUe3bQVkgpc43ZHjm', NULL, '2020-05-21 22:37:45', '2020-05-21 22:37:45'),
(117, 'MD. ROBIUL ISLAM ROBIN', '68838@gmail.co', NULL, '$2y$10$bixQ5PY4YDc2ANYj.qWhsuOHGIu854X8sjKNiFohmZ.7Pb/lby4KK', NULL, '2020-05-21 22:45:51', '2020-05-21 22:45:51'),
(118, 'MD. RASAL', '45489@gmail.co', NULL, '$2y$10$B116k33ot5NUSN9oWMj8JOnt5vL7c7ffv1FqCKrhXF5f0vrmP3Zt.', NULL, '2020-05-25 22:29:59', '2020-05-25 22:29:59'),
(119, 'MD. JAHANGIR', '35793@gmail.co', NULL, '$2y$10$JNLj/J9Ctv17URXq5wJBmuhaTSyMJY2.dGvVx/pCYfmWkfHJ9GyXi', NULL, '2020-05-26 00:02:08', '2020-05-26 00:02:08'),
(120, 'MD. ALHAS MIA', '1628@gmail.co', NULL, '$2y$10$eFpW6ZmOHiSKCwJctsk7fuYq8qRNYttQNBCRkSDkUUspMcDMh/EVO', NULL, '2020-05-26 00:08:31', '2020-05-26 00:08:31'),
(121, 'MD. BULU SHEAKH', '15551@gmail.co', NULL, '$2y$10$15Mh/qZdoTxWcRRKSTgi6eXe.VTBIg066CQSsHUS3PHDY5w6rnh.K', NULL, '2020-05-26 00:17:02', '2020-05-26 00:17:02'),
(122, 'MD. SAHADOT', '13948@gmail.co', NULL, '$2y$10$3aI7E8/uxWm0LEzsKjVpAebbjniBh1B/wbQHny67NF.rTQNb3Oyfe', NULL, '2020-05-26 00:37:05', '2020-05-26 00:37:05'),
(123, 'MD. IMRAN MIAH', '32826@gmail.co', NULL, '$2y$10$BX.SzJqOVOlZX68oz0Pxn.GjY30Y/RLxTBypf/3x8tjfI3RgN3GiK', NULL, '2020-06-01 06:05:41', '2020-06-01 06:05:41'),
(124, 'MD. MONIRUL ISLAM', '87647@gmail.co', NULL, '$2y$10$4wuXkkL5lEOYYltUR94ZfermGm3aKiNqaLSeTDnYGhSYSZq8sEG9a', NULL, '2020-06-01 06:14:12', '2020-06-01 06:14:12'),
(125, 'MD. SAGAR', '11024@gmail.co', NULL, '$2y$10$Qec4I8wzxxKXc1srsWoo2ufwsqOWQmi5nZiWrGQ0UBeJ2ljTD9sz2', NULL, '2020-06-01 06:22:52', '2020-06-01 06:22:52'),
(126, 'MD. MOJNU MIA', '49153@gmail.co', NULL, '$2y$10$TofseG/l2tpA2HPILarCQONwzv4Zi07a6J7kzWOsCa6KxOB5AAhVa', NULL, '2020-06-01 06:32:19', '2020-06-01 06:32:19'),
(127, 'MD. MOSHAROF HOSSAIN', '78552@gmail.co', NULL, '$2y$10$1.ENQDPjGFAdJJEZRbKMDedlES9tLSkhncX0tXiW30OLPLnmFG0RG', NULL, '2020-06-03 23:55:36', '2020-06-03 23:55:36'),
(128, 'MD. ALOMGIR HOSSAIN', '96280@gmail.co', NULL, '$2y$10$ONHK4Ahkq5qhSxbwf/WvneiO.NRSNkCnyvX2guIoojds9FIWYTLJq', NULL, '2020-06-04 00:00:31', '2020-06-04 00:00:31'),
(129, 'MUSLAUDDIN', '39056@gmail.co', NULL, '$2y$10$sH1YFI2z0HCjBs7i0W4JreY7Pv9dQ0ReZyvbZ8msjKGjaAaVHbbF6', NULL, '2020-06-04 01:10:58', '2020-06-04 01:10:58'),
(130, 'MD.ABDUL BAREK', '30195@gmail.co', NULL, '$2y$10$pzqKF.lQ.4kPG.j4dNgWP.4M47kuEW3CTU3p97MZ.yxpMw8Cz2gGK', NULL, '2020-06-04 01:25:24', '2020-06-04 01:25:24'),
(131, 'EMDADUL', '9628@gmail.co', NULL, '$2y$10$VncmKZnVpzyprj5x7CRHHeCHiW/KiuT80vEsP8wiQifDPy5HqUGP6', NULL, '2020-06-04 05:55:53', '2020-06-04 05:55:53'),
(132, 'MD. BADOL MIAH', '13333@gmail.co', NULL, '$2y$10$LbML.3Uzh04QyWPhmvY/h.BW3jVA8QNb2UU.uqFC/Vvr6SEVT1dK6', NULL, '2020-06-04 06:09:52', '2020-06-04 06:09:52'),
(133, 'MD. SHAHIDUL ISLAM', '18596@gmail.co', NULL, '$2y$10$i9Zf0QZf4o2Da8t0wmI4ousYY6OcPPUZRAXENPm/wcEM/XppSlk6G', NULL, '2020-06-04 06:22:17', '2020-06-04 06:22:17'),
(134, 'MD. FERDOUS RAHAMAN', '89446@gmail.co', NULL, '$2y$10$dznbYKuLshteHtEEz7e/tusANv3s4tBz6fGBtMPKJmkmDY5yqHNdO', NULL, '2020-06-04 06:31:34', '2020-06-04 06:31:34'),
(135, 'BACHHU MIA', '75105@gmail.co', NULL, '$2y$10$xMlh.juyJEfWIYSal9A/RuNLUUDfCm9xLykWY9ZrMymcOA54208rS', NULL, '2020-06-04 06:38:15', '2020-06-04 06:38:15'),
(136, 'MD. JAKIR HOSSEN', '30975@gmail.co', NULL, '$2y$10$8Rt5xEgl5ya9vam4Juf2NuxK0zEpk07qteCYdSDnp83j1cDyqwkXu', NULL, '2020-06-04 06:47:27', '2020-06-04 06:47:27'),
(137, 'MD. ABDUR RASHID', '30708@gmail.co', NULL, '$2y$10$wEk3X/xib/ecHj9KbpFDoOWN4amzu2bPT6YW/EItiMySy/rk56oom', NULL, '2020-06-04 07:00:48', '2020-06-04 07:00:48'),
(138, 'MD. ASRAF ALI', '5753@gmail.co', NULL, '$2y$10$bYIb2Isc1TFRkt0ESTzKNe9C93Bi0kcCXZGGnJj5WCx0EK3.4nRlK', NULL, '2020-06-04 07:25:01', '2020-06-04 07:25:01'),
(139, 'MD.SHAHIN MIAH', '3070@gmail.co', NULL, '$2y$10$n9qrnzh8pM2rOPan6Q6CVuTevRYmvX6bPHzMfsV7mx4YcPo2G6dQ6', NULL, '2020-06-04 07:38:27', '2020-06-04 07:38:27'),
(140, 'AJGOR ALI', '27144@gmail.co', NULL, '$2y$10$qfaiAGhIlg4nahcacicROeLInMQ0jmsSjU/Yu1jS738SHcTNnQUAC', NULL, '2020-06-04 07:50:48', '2020-06-04 07:50:48'),
(141, 'MD. JAHANGIR ALAM', '99889@gmail.co', NULL, '$2y$10$NTLh2YI0MisdnJc44ZQp9OYtHc0u7vFBuz/q5NfLuer0cX/YLX/1a', NULL, '2020-06-04 07:57:58', '2020-06-04 07:57:58'),
(142, 'MD. ALOMGIR', '90220@gmail.co', NULL, '$2y$10$S372IshWKb2CRh8BRwkvOejLASCw1m5Bh0JncdWlrfqgKLWSmw73.', NULL, '2020-06-04 08:07:11', '2020-06-04 08:07:11'),
(143, 'MD. NOSAR ALI', '62199@gmail.co', NULL, '$2y$10$olcsQKqop7VyBWE5s4bZ0.IFb.XFrnxsHcd4cfEZVT.tUYl89nlHy', NULL, '2020-06-04 08:21:58', '2020-06-04 08:21:58'),
(144, 'MD.ABU HANIFA', '17483@gmail.co', NULL, '$2y$10$KVsjHCC3tUpeKLEgZOOlJO6fGvoHJLmGIVEn5g3XeD9lnuEwGuaHu', NULL, '2020-06-04 08:34:37', '2020-06-04 08:34:37'),
(145, 'MD. ALAL UDDIN', '50716@gmail.co', NULL, '$2y$10$Vy1uWTQTVztSWcMZi6MxqeaXXQN7Io6hjqvU2n68GqUD9pAq0kyuG', NULL, '2020-06-04 08:40:25', '2020-06-04 08:40:25'),
(146, 'MD. MUSA MIA', '23022@gmail.co', NULL, '$2y$10$ZoGMtRjsBgOSqzSVoCKpy.bEr/8.nHtkO6O3MyoX7qUgMMI.Qgo6m', NULL, '2020-06-04 08:48:58', '2020-06-04 08:48:58'),
(147, 'MD. KANCHAN MIA', '54295@gmail.co', NULL, '$2y$10$OiST7YgjGDIl7Z8XSRJaHePPt0lbO19Hoe2S3LXVdmCe2eilYP7Fm', NULL, '2020-06-04 08:58:34', '2020-06-04 08:58:34'),
(148, 'AKKAS ALI', '34046@gmail.co', NULL, '$2y$10$OCjgU/A3R4RoupnvybeLr.H3.lxAGIJVfL1N0QT3tVxDcx1mqvE/O', NULL, '2020-06-04 21:31:32', '2020-06-04 21:31:32'),
(149, 'MD. ALAMIN MONDOL', '72203@gmail.co', NULL, '$2y$10$NqR.pVmozuHP1fj4Imb6.exP6hruReCRLUL.5FDeoe9/NE/ZBCRdW', NULL, '2020-06-04 21:40:19', '2020-06-04 21:40:19'),
(150, 'MD SAFIQUL ISLAM', '16415@gmail.co', NULL, '$2y$10$lkMVfsfflA0E8iIsLzoR3uWDEbxMHXonyJhvBxLTGxTlKXWOI1ugS', NULL, '2020-06-05 05:41:50', '2020-06-05 05:41:50'),
(151, 'MD. MOHASIN MIA', '70078@gmail.co', NULL, '$2y$10$JHQxET/KSq1IZovZ8MDQ1.PbhIdUFnH.XUxITEfvtFFronhSSZsvm', NULL, '2020-06-05 05:49:59', '2020-06-05 05:49:59'),
(152, 'MD. KHURSED ALOM', '66858@gmail.co', NULL, '$2y$10$80nA4aDjc5ndPY2yOdm6jOsjEwcr0BLZHoaeoIbvt1sStjzknI4La', NULL, '2020-06-05 05:54:38', '2020-06-05 05:54:38'),
(153, 'MD. SAIFUL ISLAM', '50222@gmail.co', NULL, '$2y$10$wukRCL8E1AQuELFTX03cpuXDlCgGRdfapRFy3C2HoRalwIDyM43c2', NULL, '2020-06-05 07:41:23', '2020-06-05 07:41:23'),
(154, 'MD. NUR-MOHAMMAD', '28504@gmail.co', NULL, '$2y$10$Tfe3x6q4q1dULAr3NRXUMO6zlCMm5U7/En13RKyRHrz1LOfApDa8e', NULL, '2020-06-05 07:52:14', '2020-06-05 07:52:14'),
(155, 'MD. JAMAL MIA', '42583@gmail.co', NULL, '$2y$10$GWkwLdM5anS/pt8ro9pmqO7f/klDs6o8aHQwoS29qmy1d2oXX0IAK', NULL, '2020-06-05 08:06:09', '2020-06-05 08:06:09'),
(156, 'MD. SOHEL', '92717@gmail.co', NULL, '$2y$10$qg3bWzkqBaVgrYu1QrS6pevyI3o46boUJMizTvLlSDImVVaZAAZiW', NULL, '2020-06-05 08:18:17', '2020-06-05 08:18:17'),
(157, 'MD. FAZLUL HAQUE', '84200@gmail.co', NULL, '$2y$10$tPZ92YgOh1mEmkZsGYeInuUPbV/RzRELMtmmrduZuf13bT5yhT9B.', NULL, '2020-06-05 08:28:14', '2020-06-05 08:28:14'),
(158, 'MD.HELAL UDDIN', '16003@gmail.co', NULL, '$2y$10$KldEl7.GPiUGKCx0yzjRJ.eZFGTq70wJihAiScKT./iyz2n5DGKmi', NULL, '2020-06-05 08:34:12', '2020-06-05 08:34:12'),
(159, 'MD. SULTAN UDDIN', '68471@gmail.co', NULL, '$2y$10$f1y2zvVB4wz3/L710wOBv.fOndFoCzzMXH/2UHKr5fA0zQp7/rN26', NULL, '2020-06-05 08:40:27', '2020-06-05 08:40:27'),
(160, 'MD. KAMAL MIA', '52271@gmail.co', NULL, '$2y$10$1cEFMConocd6N.y.5NLUqesAwQNG1iDeYD6eW9RbPqmkNym0KJvaa', NULL, '2020-06-05 08:48:48', '2020-06-05 08:48:48'),
(161, 'MD. ROBIUL', '50053@gmail.co', NULL, '$2y$10$rrAzlqdD3ksh8uSWygPz0u.ftM848Fb.yUAnuBi827tYghyPSkz.C', NULL, '2020-06-05 09:01:10', '2020-06-05 09:01:10'),
(162, 'MD. AIAN ALI', '55702@gmail.co', NULL, '$2y$10$njyJJ5ct/AcBCYV1Wc00.u7CLnzasHaTiA6JF5XttE42DqcH4GJaG', NULL, '2020-06-05 09:07:58', '2020-06-05 09:07:58'),
(163, 'MD. ABU HANIF MIA', '84626@gmail.co', NULL, '$2y$10$qTMFz./T6epBxgxXizBskOEALAuehoLwXi2bOCrV6xw8.tX5m09BW', NULL, '2020-06-05 09:14:18', '2020-06-05 09:14:18'),
(164, 'MD. MOKLESUR RAHAMAN TULA', '74457@gmail.co', NULL, '$2y$10$iYtPwuUW.Dr6tGgQ4wGfOegMAioZfTOd2N1fihYGuU7IF./icUXB6', NULL, '2020-06-05 22:01:39', '2020-06-05 22:01:39'),
(165, 'MD. SUMON MIA', '77605@gmail.co', NULL, '$2y$10$fh/pu9tGcPiLUJ27895sTOy3v/.QuN9iAruGoNGu8a9r4DCvMLBaa', NULL, '2020-06-05 22:25:38', '2020-06-05 22:25:38'),
(166, 'MD. MOSTAFIZUR RAHMAN', '87637@gmail.co', NULL, '$2y$10$HTDwDpgp7pX49roDDj4HmukwGh4/LKqua2G9gbuP7TAwljlX6GLZu', NULL, '2020-06-05 22:40:07', '2020-06-05 22:40:07'),
(167, 'ANISUR RAHMAN MIZAN', '38076@gmail.co', NULL, '$2y$10$9VqnJ/rIzW5TxrUyRosxyOEKnrUyd6LXkzRPn/d9AmTvcUaEaMTUi', NULL, '2020-06-05 22:44:49', '2020-06-05 22:44:49'),
(168, 'MD. SIRAJUL ISLAM', '24671@gmail.co', NULL, '$2y$10$m.r8ey7.cy/6LL.8yOl4BOItpCFY3QuSE9vzn6qhSWb7G2AisOT06', NULL, '2020-06-05 22:55:19', '2020-06-05 22:55:19'),
(169, 'MD. UJJAL MIA', '84555@gmail.co', NULL, '$2y$10$ChsixW17xJyS.nwrywhZqeDbLYqGCIWirbhE8JWCuW.7s21JvfZ7q', NULL, '2020-06-05 23:11:16', '2020-06-05 23:11:16'),
(170, 'MD ENTAJ ALI', '78596@gmail.co', NULL, '$2y$10$rDrs1nK/1WSAE2a18gIZAu4QZ9XctOaQ8RwBZ3xvV7hRpSRPH6qHi', NULL, '2020-06-06 00:09:56', '2020-06-06 00:09:56'),
(171, 'MD RAZIB MIA', '5582@gmail.co', NULL, '$2y$10$5R4d6kU9Vs2r79Vpyzt.GeVeRg5BW52zH//qhomWpmTD80ksZL5Pa', NULL, '2020-06-06 00:20:12', '2020-06-06 00:20:12'),
(172, 'MD SHIRAJUL ISLAM', '56369@gmail.co', NULL, '$2y$10$l./XKgD7NF1h5k6D0XFQV.Obl/MdYriJFLmby3qeVZnLXwEQ4l2py', NULL, '2020-06-06 00:32:53', '2020-06-06 00:32:53'),
(173, 'MD SOFI ALOM', '47299@gmail.co', NULL, '$2y$10$jZOL6dx6T7QU2xbV/RZC6.pC8vUPiCTHeC5e6pHaTwiK37KqiDbI2', NULL, '2020-06-06 00:47:09', '2020-06-06 00:47:09'),
(174, 'MD WAHAB ALI', '19308@gmail.co', NULL, '$2y$10$qGTLgmT7Wv9/DNtp8Y.6neS84ztFK3kiWex3ncaGK.3WaDS67bt7e', NULL, '2020-06-06 05:57:33', '2020-06-06 05:57:33'),
(175, 'MD BILLAL', '26122@gmail.co', NULL, '$2y$10$vwCT5BmAy8dEIrlIz3pTguHOShJPvyeInVfIDj5PCLucotfkUn3ea', NULL, '2020-06-06 06:19:42', '2020-06-06 06:19:42'),
(176, 'ABDUL ALIM', '4776@gmail.co', NULL, '$2y$10$Y9NPcQWg2B7Js0ldv6CLsOG9vT.JCL4K1s5wZRJl9YmI4oJ.GGp2q', NULL, '2020-06-06 06:27:56', '2020-06-06 06:27:56'),
(177, 'MD ABUL HOSSAIN', '92216@gmail.co', NULL, '$2y$10$3VOKpad.syaA/7UJcK30COA797AJ.4DfJrQvNggrBGEmuoCTGIDzm', NULL, '2020-06-07 06:28:56', '2020-06-07 06:28:56'),
(178, 'ABDUL MOJID MIA', '2210@gmail.co', NULL, '$2y$10$FY9CZll1EfoVJfIpq2EqKOH0cCVbEHLGcxyQHcL78iDjFuYRuy.Aq', NULL, '2020-06-07 06:38:29', '2020-06-07 06:38:29'),
(179, 'MD RASAL', '55651@gmail.co', NULL, '$2y$10$qARCriRNv1JjUKiLfoo8Se.pS9tVt0Z/Um1cTQi.gnaAkAENskI9S', NULL, '2020-06-07 07:25:04', '2020-06-07 07:25:04'),
(180, 'MD. HIRU SARKAR', '39593@gmail.co', NULL, '$2y$10$VTSf2bwF3HxDJJ9Nhn41auw2Ci.aLovce5Fr7SojGBUCtbYju/JxO', NULL, '2020-06-12 21:51:35', '2020-06-12 21:51:35'),
(181, 'Md Abrar Jahin Almazi Bipon', 'czcxzcbipon.abrar@gmail.com', NULL, '$2y$10$qVvG2hH9S3NLp5W280Slxe3m8NS82R0lrlRc4xmMfeO729vzE8eNC', NULL, '2020-07-25 17:34:39', '2020-07-25 17:34:39');

-- --------------------------------------------------------

--
-- Table structure for table `vehicles`
--

CREATE TABLE `vehicles` (
  `id` bigint(20) UNSIGNED NOT NULL,
  `owner_id` bigint(20) DEFAULT NULL,
  `type` int(11) NOT NULL,
  `registration_number` varchar(255) COLLATE utf8_unicode_ci NOT NULL,
  `fitness_number` varchar(255) COLLATE utf8_unicode_ci NOT NULL,
  `fitness_validity` date NOT NULL,
  `insurance_number` varchar(255) COLLATE utf8_unicode_ci NOT NULL,
  `insurance_validity` date NOT NULL,
  `created_at` timestamp NULL DEFAULT NULL,
  `updated_at` timestamp NULL DEFAULT NULL,
  `asset_value` decimal(15,2) NOT NULL DEFAULT '0.00',
  `tax_token` varchar(255) COLLATE utf8_unicode_ci DEFAULT NULL,
  `tax_token_validity` date DEFAULT NULL,
  `rent_status` tinyint(1) DEFAULT '0',
  `active_status` tinyint(1) DEFAULT '0',
  `route_permit_number` varchar(255) COLLATE utf8_unicode_ci DEFAULT NULL,
  `route_permit_validity` date DEFAULT NULL
) ENGINE=InnoDB DEFAULT CHARSET=utf8 COLLATE=utf8_unicode_ci;

--
-- Dumping data for table `vehicles`
--

INSERT INTO `vehicles` (`id`, `owner_id`, `type`, `registration_number`, `fitness_number`, `fitness_validity`, `insurance_number`, `insurance_validity`, `created_at`, `updated_at`, `asset_value`, `tax_token`, `tax_token_validity`, `rent_status`, `active_status`, `route_permit_number`, `route_permit_validity`) VALUES
(4, 1, 1, 'DHAKA METRO-TAW-16-4713', '6481115', '2020-03-28', '26970', '2020-03-16', '2020-03-16 06:09:30', '2020-07-25 17:35:03', '1200000.00', 'ট-003649441', '2020-03-18', 0, 0, '52225456', '2020-07-22'),
(5, NULL, 1, 'DHAKA METRO-TAW-16-4252', '5473909', '2020-05-04', '26424', '2020-05-05', '2020-03-16 06:39:33', '2020-07-25 08:04:47', '999999.99', '277260', '2020-05-04', 0, 0, NULL, NULL),
(6, NULL, 1, 'DHAKA METRO-TAW-16-1549', '7376494', '2021-02-18', '28108', '2021-01-13', '2020-03-16 08:46:26', '2020-07-23 10:07:48', '1200000.00', '874005', '2021-02-19', 0, 0, NULL, NULL),
(7, NULL, 1, 'DHAKA METRO-TAW-16-2224', '6736819', '2021-03-05', '29765', '2021-03-09', '2020-03-16 09:23:33', '2020-03-16 09:23:33', '999999.99', '874204', '2021-03-07', 0, 0, NULL, NULL),
(8, NULL, 1, 'DHAKA METRO-TAW-16-1219', '7379206', '2021-02-10', '119200', '2021-02-10', '2020-03-28 07:16:28', '2020-07-19 18:59:45', '999999.99', '74074', '2021-02-11', 0, 0, NULL, NULL),
(9, NULL, 1, 'DHAKA METRO-TAW-13-8301', '6375277', '2020-08-07', '26271', '2020-07-09', '2020-05-11 22:07:05', '2020-07-22 10:24:21', '999999.99', '735208', '2020-07-08', 0, 0, NULL, NULL),
(10, NULL, 1, 'DHAKA METRO -TAW-13-8302', '6375280', '2020-08-07', '26263', '2020-07-09', '2020-05-11 22:13:33', '2020-05-11 22:13:33', '999999.99', '735209', '2020-08-07', 0, 0, NULL, NULL),
(11, NULL, 1, 'DHAKA METRO -TAW-13-8303', '6375278', '2020-08-07', '26270', '2020-07-09', '2020-05-11 22:19:26', '2020-05-11 22:19:26', '999999.99', '735207', '2020-08-07', 0, 0, NULL, NULL),
(12, NULL, 1, 'DHAKA METRO-TAW-13-8304', '6375275', '2020-08-07', '26269', '2020-07-09', '2020-05-11 22:29:44', '2020-05-11 22:29:44', '999999.99', '735206', '2020-08-07', 0, 0, NULL, NULL),
(13, NULL, 1, 'DHAKA METRO-TAW-13-8305', '6375281', '2020-08-07', '26273', '2020-07-09', '2020-05-11 22:35:10', '2020-05-11 22:35:10', '999999.99', '735204', '2020-08-07', 0, 0, NULL, NULL),
(14, NULL, 1, 'DHAKA METRO-TAW-13-9211', '5959172', '2020-07-29', '26770', '2020-07-29', '2020-05-11 22:40:38', '2020-05-11 22:40:38', '999999.99', '507072', '2020-07-29', 0, 0, NULL, NULL),
(15, NULL, 1, 'DHAKA METRO-TAW-13-9212', '5959173', '1970-01-01', '26771', '1970-01-01', '2020-05-11 22:46:00', '2020-05-11 22:46:00', '999999.99', '507073', '2020-07-29', 0, 0, NULL, NULL),
(16, NULL, 1, 'DHAKA METRO-TAW-13-9213', '5959174', '1970-01-01', '26772', '1970-01-01', '2020-05-11 23:07:43', '2020-05-11 23:07:43', '999999.99', '507074', '1970-01-01', 0, 0, NULL, NULL),
(17, NULL, 1, 'DHAKA METRO -TAW -13-9214', '5959175', '1970-01-01', '26773', '1970-01-01', '2020-05-11 23:14:42', '2020-05-11 23:14:42', '999999.99', '655501', '1970-01-01', 0, 0, NULL, NULL),
(18, NULL, 1, 'DHAKA METRO -TAW -13-9215', '5959176', '1970-01-01', '26774', '1970-01-01', '2020-05-11 23:21:47', '2020-05-11 23:21:47', '999999.99', '655502', '1970-01-01', 0, 0, NULL, NULL),
(19, NULL, 1, 'DHAKA METRO-TAW-13-9216', '5959177', '1970-01-01', '26775', '1970-01-01', '2020-05-11 23:26:36', '2020-05-11 23:26:36', '999999.99', '655503', '1970-01-01', 0, 0, NULL, NULL),
(20, NULL, 1, 'DHAKA METRO-TAW-13-9217', '5959182', '1970-01-01', '26776', '1970-01-01', '2020-05-11 23:34:21', '2020-05-11 23:34:21', '999999.99', '655504', '1970-01-01', 0, 0, NULL, NULL),
(21, NULL, 1, 'DHAKA METRO-TAW-13-9218', '5959178', '1970-01-01', '26777', '1970-01-01', '2020-05-11 23:41:15', '2020-05-11 23:41:15', '999999.99', '655505', '1970-01-01', 0, 0, NULL, NULL),
(22, NULL, 1, 'DHAKA METRO-TAW-13-9219', '5959179', '1970-01-01', '26773', '1970-01-01', '2020-05-11 23:48:39', '2020-05-11 23:48:39', '999999.99', '655506', '1970-01-01', 0, 0, NULL, NULL),
(23, NULL, 1, 'DHAKA METRO-TAW-16-0589', '7473482', '1970-01-01', '28172', '1970-01-01', '2020-05-13 08:12:04', '2020-05-13 08:12:04', '999999.99', '874255', '1970-01-01', 0, 0, NULL, NULL),
(24, NULL, 1, 'DHAKA METRO-TAW-16-0590', '7473483', '1970-01-01', '28173', '1970-01-01', '2020-05-13 08:16:38', '2020-05-13 08:16:38', '999999.99', '874256', '1970-01-01', 0, 0, NULL, NULL),
(25, NULL, 1, 'DHAKA METRO-TAW-16-0591', '7473484', '1970-01-01', '28174', '1970-01-01', '2020-05-13 08:27:59', '2020-05-13 08:27:59', '999999.99', '874257', '1970-01-01', 0, 0, NULL, NULL),
(26, NULL, 1, 'DHAKA METRO-TAW-16-0592', '7473485', '1970-01-01', '28175', '1970-01-01', '2020-05-13 08:32:43', '2020-05-13 08:32:43', '999999.99', '874258', '1970-01-01', 0, 0, NULL, NULL),
(27, NULL, 1, 'DHAKA METRO-TAW-16-0593', '7473486', '1970-01-01', '28176', '1970-01-01', '2020-05-14 01:36:48', '2020-05-14 01:36:48', '999999.99', '874213', '1970-01-01', 0, 0, NULL, NULL),
(28, NULL, 1, 'DHAKA METRO-TAW-16-0594', '7473487', '1970-01-01', '28110', '1970-01-01', '2020-05-14 01:42:42', '2020-05-14 01:42:42', '999999.99', '018686', '1970-01-01', 0, 0, NULL, NULL),
(29, NULL, 1, 'DHAKA METRO-TAW-16-0595', '7473489', '1970-01-01', '28177', '1970-01-01', '2020-05-14 01:49:33', '2020-05-14 01:49:33', '999999.99', '874214', '1970-01-01', 0, 0, NULL, NULL),
(30, NULL, 1, 'DHAKA METRO-TAW-16-0614', '7473488', '1970-01-01', '28173', '1970-01-01', '2020-05-14 01:54:16', '2020-05-14 01:54:16', '999999.99', '874215', '1970-01-01', 0, 0, NULL, NULL),
(31, NULL, 1, 'DHAKA METRO-TAW-16-1218', '7379204', '2021-10-02', '28771', '2021-10-02', '2020-05-14 07:50:06', '2020-05-14 07:50:06', '999999.99', '874075', '2021-11-02', 0, 0, NULL, NULL),
(32, NULL, 1, 'DHAKA METRO-TAW-16-1222', '7379205', '2021-10-02', '11920', '2021-10-02', '2020-05-14 07:54:07', '2020-05-14 07:54:07', '999999.99', '874073', '2021-11-02', 0, 0, NULL, NULL),
(33, NULL, 1, 'DHAKA METRO-TAW-16-1229', '7379208', '2021-11-02', '117301', '2021-11-02', '2020-05-14 07:58:19', '2020-05-14 07:58:19', '999999.99', '874076', '2021-12-02', 0, 0, NULL, NULL),
(34, NULL, 1, 'DHAKA METRO-TAW-16-1549', '7376494', '1970-01-01', '117302', '1970-01-01', '2020-05-14 08:13:23', '2020-05-14 08:13:23', '999999.99', '874005', '1970-01-01', 0, 0, NULL, NULL),
(35, NULL, 1, 'DHAKA METRO-TAW-16-1553', '7376485', '1970-01-01', '119248', '1970-01-01', '2020-05-14 08:17:34', '2020-05-14 08:17:34', '999999.99', '874006', '1970-01-01', 0, 0, NULL, NULL),
(36, NULL, 1, 'DHAKA METRO-TAW-16-1554', '7376487', '1970-01-01', '119246', '1970-01-01', '2020-05-14 08:22:17', '2020-05-14 08:22:17', '999999.99', '874007', '1970-01-01', 0, 0, NULL, NULL),
(37, NULL, 1, 'DHAKA METRO-TAW-16-1556', '7376489', '1970-01-01', '119244', '1970-01-01', '2020-05-14 08:27:24', '2020-05-14 08:27:24', '999999.99', '874014', '1970-01-01', 0, 0, NULL, NULL),
(38, NULL, 1, 'DHAKA METRO-TAW-16-1558', '7376484', '1970-01-01', '119245', '1970-01-01', '2020-05-14 08:31:29', '2020-05-14 08:31:29', '999999.99', '874008', '1970-01-01', 0, 0, NULL, NULL),
(39, NULL, 1, 'DHAKA METRO-TAW-16-1561', '7376486', '1970-01-01', '119247', '1970-01-01', '2020-05-14 08:35:31', '2020-05-14 08:35:31', '999999.99', '874010', '1970-01-01', 0, 0, NULL, NULL),
(40, NULL, 1, 'DHAKA METRO-TAW-16-1656', '7376493', '1970-01-01', '28587', '1970-01-01', '2020-05-14 08:43:00', '2020-07-23 10:37:32', '999999.99', '874009', '1970-01-01', 0, 0, NULL, NULL),
(41, NULL, 1, 'DHAKA METRO-TAW-16-1662', '7376492', '1970-01-01', '28583', '1970-01-01', '2020-05-14 21:15:36', '2020-05-14 21:15:36', '999999.99', '874011', '1970-01-01', 0, 0, NULL, NULL),
(42, NULL, 1, 'DHAKA METRO-TAW-16-1663', '7376488', '1970-01-01', '28589', '1970-01-01', '2020-05-14 21:20:03', '2020-05-14 21:20:03', '999999.99', '874012', '1970-01-01', 0, 0, NULL, NULL),
(43, NULL, 1, 'DHAKA METRO-TAW-16-1664', '7376491', '1970-01-01', '28590', '1970-01-01', '2020-05-14 21:24:10', '2020-05-14 21:24:10', '999999.99', '874013', '1970-01-01', 0, 0, NULL, NULL),
(44, NULL, 1, 'DHAKA METRO-TAW-16-2225', '6736821', '2021-06-03', '28766', '2021-09-03', '2020-05-14 21:36:07', '2020-05-14 21:36:07', '999999.99', '874205', '2021-07-03', 0, 0, NULL, NULL),
(45, NULL, 1, 'DHAKA METRO-TAW-16-2226', '6736820', '2021-06-03', '28767', '2021-09-03', '2020-05-14 21:45:53', '2020-05-14 21:45:53', '999999.99', '874206', '2021-07-02', 0, 0, NULL, NULL),
(46, NULL, 1, 'DHAKA METRO-TAW-16-2227', '6736821', '2021-06-03', '28763', '2021-09-03', '2020-05-14 21:54:17', '2020-05-14 21:54:17', '999999.99', '874207', '2021-07-03', 0, 0, NULL, NULL),
(47, NULL, 1, 'DHAKA METRO-TAW-16-16-2346', '7139036', '1970-01-01', '28769', '1970-01-01', '2020-05-14 22:32:02', '2020-05-14 22:32:02', '999999.99', '259506', '1970-01-01', 0, 0, NULL, NULL),
(48, NULL, 1, 'DHAKA METRO-TAW-16-2326', '7139036', '1970-01-01', '28761', '1970-01-01', '2020-05-14 22:45:05', '2020-05-14 22:45:05', '999999.99', '259506', '1970-01-01', 0, 0, NULL, NULL),
(49, NULL, 1, 'DHAKA METRO-TAW-16-3151', '5470556', '2020-03-04', '25388', '2020-04-04', '2020-05-15 07:43:02', '2020-05-15 07:43:02', '999999.99', '002948541', '2020-03-04', 0, 0, NULL, NULL),
(50, NULL, 1, 'DHAKA METRO-TAW-16-3152', '5470557', '2020-03-04', '25389', '2020-04-04', '2020-05-15 07:51:28', '2020-05-15 07:51:28', '999999.99', '02948542', '2020-03-04', 0, 0, NULL, NULL),
(51, NULL, 1, 'DHAKA METRO-TAW-16-3153', '5470558', '2020-03-04', '25390', '2020-04-04', '2020-05-15 07:57:55', '2020-05-15 07:57:55', '999999.99', '002948543', '2020-03-04', 0, 0, NULL, NULL),
(52, NULL, 1, 'DHAKA METRO-TAW-16-3154', '5470559', '2020-03-04', '25392', '2020-04-04', '2020-05-15 08:04:39', '2020-05-15 08:04:39', '999999.99', '02948544', '2020-03-04', 0, 0, NULL, NULL),
(53, NULL, 1, 'DHAKA METRO-TAW-16-3155', '5470560', '2020-03-04', '25288', '2020-04-04', '2020-05-15 08:11:12', '2020-05-15 08:11:12', '999999.99', '002948545', '2020-03-04', 0, 0, NULL, NULL),
(54, NULL, 1, 'DHAKA METRO-TAW-16-3156', '5470561', '2020-03-04', '25395', '2020-04-04', '2020-05-15 08:17:01', '2020-05-15 08:17:01', '999999.99', '002948546', '2020-03-04', 0, 0, NULL, NULL),
(55, NULL, 1, 'DHAKA METRO-TAW-16-3157', '5470562', '2020-03-04', '25396', '2020-04-04', '2020-05-15 08:28:25', '2020-05-15 08:28:25', '999999.99', '002948547', '2020-03-04', 0, 0, NULL, NULL),
(56, NULL, 1, 'DHAKA METRO-TAW-16-3158', '5470563', '2020-03-04', '25397', '2020-04-04', '2020-05-15 08:35:19', '2020-05-15 08:35:19', '999999.99', '02948548', '2020-03-04', 0, 0, NULL, NULL),
(57, NULL, 1, 'DHAKA METRO-TAW-16-3159', '5470564', '2020-03-04', '25400', '2020-05-04', '2020-05-15 08:46:22', '2020-05-15 08:46:22', '999999.99', '002948549', '2020-03-04', 0, 0, NULL, NULL),
(58, NULL, 1, 'DHAKA METRO-TAW-16-4011', '5473877', '1970-01-01', '103467', '1970-01-01', '2020-05-15 08:58:15', '2020-05-15 08:58:15', '999999.99', '3276056', '1970-01-01', 0, 0, NULL, NULL),
(59, NULL, 1, 'DHAKA METRO-TAW-16-4052', '5473875', '1970-01-01', '103466', '1970-01-01', '2020-05-15 21:45:55', '2020-05-15 21:45:55', '999999.99', '3276054', '1970-01-01', 0, 0, NULL, NULL),
(60, NULL, 1, 'DHAKA METRO-TAW-16-4054', '5473870', '1970-01-01', '103461', '1970-01-01', '2020-05-15 21:49:07', '2020-05-15 21:49:07', '999999.99', '3276050', '1970-01-01', 0, 0, NULL, NULL),
(61, NULL, 1, 'DHAKA METRO-TAW-16-4055', '5473869', '1970-01-01', '103460', '1970-01-01', '2020-05-15 21:53:01', '2020-05-15 21:53:01', '999999.99', '3276051', '1970-01-01', 0, 0, NULL, NULL),
(62, NULL, 1, 'DHAKA METRO-TAW-16-4056', '5473871', '1970-01-01', '103462', '1970-01-01', '2020-05-15 21:59:01', '2020-05-15 21:59:01', '999999.99', '3276053', '1970-01-01', 0, 0, NULL, NULL),
(63, NULL, 1, 'DHAKA METRO-TAW-16-4057', '5473876', '1970-01-01', '103465', '1970-01-01', '2020-05-15 22:04:12', '2020-05-15 22:04:12', '999999.99', '3276057', '1970-01-01', 0, 0, NULL, NULL),
(64, NULL, 1, 'DHAKA METRO-TAW-16-4058', '5473874', '1970-01-01', '103464', '1970-01-01', '2020-05-15 23:34:42', '2020-05-15 23:34:42', '999999.99', '3276055', '1970-01-01', 0, 0, NULL, NULL),
(65, NULL, 1, 'DHAKA METRO-TAW-16-4059', '5473872', '1970-01-01', '103463', '1970-01-01', '2020-05-15 23:40:18', '2020-05-15 23:40:18', '999999.99', '3276052', '1970-01-01', 0, 0, NULL, NULL),
(66, NULL, 1, 'DHAKA METRO-TAW-16-4060', '5473867', '1970-01-01', '103458', '1970-01-01', '2020-05-16 00:53:01', '2020-05-16 00:53:01', '999999.99', '3276049', '1970-01-01', 0, 0, NULL, NULL),
(67, NULL, 1, 'DHAKA METRO-TAW-16-4061', '5473868', '1970-01-01', '103459', '1970-01-01', '2020-05-16 00:58:47', '2020-05-16 00:58:47', '999999.99', '3276048', '1970-01-01', 0, 0, NULL, NULL),
(68, NULL, 1, 'DHAKA METRO-TAW-16-4062', '5473866', '1970-01-01', '103457', '1970-01-01', '2020-05-16 01:04:32', '2020-05-16 01:04:32', '999999.99', '3276046', '1970-01-01', 0, 0, NULL, NULL),
(69, NULL, 1, 'DHAKA METRO-TAW-16-4124', '5473887', '1970-01-01', '26362', '1970-01-01', '2020-05-16 01:09:48', '2020-05-16 01:09:48', '999999.99', '3275950', '1970-01-01', 0, 0, NULL, NULL),
(70, NULL, 1, 'DHAKA METRO-TAW-16-4125', '5473886', '1970-01-01', '26363', '1970-01-01', '2020-05-16 01:15:13', '2020-05-16 01:15:13', '999999.99', '3275953', '1970-01-01', 0, 0, NULL, NULL),
(71, NULL, 1, 'DHAKA METRO-TAW-16-4252', '5473909', '2020-04-05', '26424', '2020-05-05', '2020-05-16 01:21:23', '2020-05-16 01:21:23', '999999.99', '3277260', '2020-04-05', 0, 0, NULL, NULL),
(72, NULL, 1, 'DHAKA METRO-TAW-16-4477', '6481045', '1970-01-01', '25866', '1970-01-01', '2020-05-16 01:24:50', '2020-05-16 01:24:50', '999999.99', '003270852', '1970-01-01', 0, 0, NULL, NULL),
(73, NULL, 1, 'DHAKA METRO-TAW-16-4478', '6481044', '1970-01-01', '25865', '1970-01-01', '2020-05-16 01:27:46', '2020-05-16 01:27:46', '999999.99', '003270851', '1970-01-01', 0, 0, NULL, NULL),
(74, NULL, 1, 'DHAKA METRO-TAW-16-4479', '6481043', '1970-01-01', '25860', '1970-01-01', '2020-05-16 01:30:40', '2020-05-16 01:30:40', '999999.99', '003270850', '1970-01-01', 0, 0, NULL, NULL),
(75, NULL, 1, 'DHAKA METRO-TAW-16-4480', '6481046', '1970-01-01', '25863', '1970-01-01', '2020-05-16 01:33:57', '2020-05-16 01:33:57', '999999.99', '003270853', '1970-01-01', 0, 0, NULL, NULL),
(76, NULL, 1, 'DHAKA METRO-TAW-16-4481', '6481047', '1970-01-01', '25867', '1970-01-01', '2020-05-16 01:36:52', '2020-05-16 01:36:52', '999999.99', '003270854', '1970-01-01', 0, 0, NULL, NULL),
(77, NULL, 1, 'DHAKA METRO-TAW-16-4484', '6481052', '1970-01-01', '25861', '1970-01-01', '2020-05-16 01:39:49', '2020-05-16 01:39:49', '999999.99', '003270940', '1970-01-01', 0, 0, NULL, NULL),
(78, NULL, 1, 'DHAKA METRO-TAW-16-4485', '6481053', '1970-01-01', '25862', '1970-01-01', '2020-05-16 01:42:43', '2020-05-16 01:42:43', '999999.99', '003270941', '1970-01-01', 0, 0, NULL, NULL),
(79, NULL, 1, 'DHAKA METRO-TAW-16-4486', '6481054', '1970-01-01', '25864', '1970-01-01', '2020-05-16 01:45:14', '2020-05-16 01:45:14', '999999.99', '003270942', '1970-01-01', 0, 0, NULL, NULL),
(80, NULL, 1, 'DHAKA METRO-TAW-16-4488', '6481055', '1970-01-01', '25863', '1970-01-01', '2020-05-16 01:51:39', '2020-05-16 01:51:39', '999999.99', '003270943', '1970-01-01', 0, 0, NULL, NULL),
(81, NULL, 1, 'DHAKA METRO-TAW-16-4581', '6481098', '2020-02-07', '26276', '2020-03-07', '2020-05-16 08:56:36', '2020-05-16 08:56:36', '999999.99', '003646104', '2020-02-07', 0, 0, NULL, NULL),
(82, NULL, 1, 'DHAKA METRO-TAW-16-4582', '6481099', '2020-02-07', '26277', '2020-03-07', '2020-05-16 09:04:39', '2020-05-16 09:04:39', '999999.99', '003646105', '2020-02-07', 0, 0, NULL, NULL),
(83, NULL, 1, 'DHAKA METRO-TAW-16-4583', '6481100', '2020-02-07', '26279', '2020-03-07', '2020-05-16 09:10:08', '2020-05-16 09:10:08', '999999.99', '003646106', '2020-02-07', 0, 0, NULL, NULL),
(84, NULL, 1, 'DHAKA METRO-TAW-16-4583', '6481101', '2020-02-07', '26273', '2020-03-07', '2020-05-16 09:14:41', '2020-05-16 09:14:41', '999999.99', '003646107', '2020-02-07', 0, 0, NULL, NULL),
(85, NULL, 1, 'DHAKA METRO-TAW-16-4585', '6481102', '2020-02-07', '26280', '2020-03-07', '2020-05-16 09:20:20', '2020-05-16 09:20:20', '999999.99', '003646108', '2020-02-07', 0, 0, NULL, NULL),
(86, NULL, 1, 'DHAKA METRO-TAW-16-4586', '6481103', '2020-02-07', '26281', '2020-03-07', '2020-05-16 21:46:12', '2020-05-16 21:46:12', '999999.99', '003646109', '2020-02-07', 0, 0, NULL, NULL),
(87, NULL, 1, 'DHAKA METRO-TAW-16-4587', '6481104', '2020-02-07', '26282', '2020-03-07', '2020-05-16 21:50:35', '2020-05-16 21:50:35', '999999.99', '003646110', '2020-02-07', 0, 0, NULL, NULL),
(88, NULL, 1, 'DHAKA METRO-TAW-16-4588', '6481105', '2020-02-07', '26283', '2020-03-07', '2020-05-16 21:56:10', '2020-05-16 21:56:10', '999999.99', '003646111', '2020-02-07', 0, 0, NULL, NULL),
(89, NULL, 1, 'DHAKA METRO-TAW-16-4589', '6481106', '2020-02-07', '26284', '2020-03-07', '2020-05-16 22:10:44', '2020-05-16 22:10:44', '999999.99', '003646112', '2020-02-07', 0, 0, NULL, NULL),
(90, NULL, 1, 'DHAKA METRO-TAW-16-4590', '6481107', '2020-02-07', '26285', '2020-03-07', '2020-05-16 22:15:50', '2020-05-16 22:15:50', '999999.99', '003646113', '2020-02-07', 0, 0, NULL, NULL),
(91, NULL, 1, 'DHAKA METRO-TAW-16-4591', '6481108', '2020-02-07', '26287', '2020-03-07', '2020-05-16 22:25:09', '2020-05-16 22:25:09', '999999.99', '003646114', '2020-02-07', 0, 0, NULL, NULL),
(92, NULL, 1, 'DHAKA METRO-TAW-16-4592', '6481109', '2020-02-07', '26283', '2020-03-07', '2020-05-16 22:30:08', '2020-05-16 22:30:08', '999999.99', '003646115', '2020-02-07', 0, 0, NULL, NULL),
(93, NULL, 1, 'DHAKA METRO-TAW-16-4593', '6481715', '2020-02-07', '26286', '2020-03-07', '2020-05-16 22:34:47', '2020-05-16 22:34:47', '999999.99', '003646126', '2020-02-07', 0, 0, NULL, NULL),
(94, NULL, 1, 'DHAKA METRO-TAW-16-4652', '6481977', '1970-01-01', '26856', '1970-01-01', '2020-05-17 00:41:23', '2020-05-17 00:41:23', '999999.99', '003648060', '1970-01-01', 0, 0, NULL, NULL),
(95, NULL, 1, 'DHAKA METRO-TAW-16-4653', '6481978', '1970-01-01', '26857', '1970-01-01', '2020-05-17 00:46:50', '2020-05-17 00:46:50', '999999.99', '003648061', '1970-01-01', 0, 0, NULL, NULL),
(96, NULL, 1, 'DHAKA METRO-TAW-16-4654', '648179', '1970-01-01', '26853', '1970-01-01', '2020-05-17 00:55:47', '2020-05-17 00:55:47', '999999.99', '003648062', '1970-01-01', 0, 0, NULL, NULL),
(97, NULL, 1, 'DHAKA METRO-TAW-16-4655', '6481980', '1970-01-01', '26853', '1970-01-01', '2020-05-17 01:02:13', '2020-05-17 01:02:13', '999999.99', '003648063', '1970-01-01', 0, 0, NULL, NULL),
(98, NULL, 1, 'DHAKA METRO-TAW-16-4656', '6481981', '1970-01-01', '26860', '1970-01-01', '2020-05-17 01:11:20', '2020-05-17 01:11:20', '999999.99', '003648064', '1970-01-01', 0, 0, NULL, NULL),
(99, NULL, 1, 'DHAKA METRO-TAW-16-4657', '6481982', '1970-01-01', '26861', '1970-01-01', '2020-05-17 01:13:36', '2020-05-17 01:13:36', '999999.99', '003648065', '1970-01-01', 0, 0, NULL, NULL),
(100, NULL, 1, 'DHAKA METRO-TAW-16-4658', '6481983', '1970-01-01', '26862', '1970-01-01', '2020-05-17 01:15:52', '2020-05-17 01:15:52', '999999.99', '003648066', '1970-01-01', 0, 0, NULL, NULL),
(101, NULL, 1, 'DHAKA METRO-TAW-16-4659', '6481984', '1970-01-01', '26863', '1970-01-01', '2020-05-17 08:02:39', '2020-05-17 08:02:39', '999999.99', '003648067', '1970-01-01', 0, 0, NULL, NULL),
(102, NULL, 1, 'DHAKA METRO-TAW-16-4660', '6481985', '1970-01-01', '26864', '1970-01-01', '2020-05-17 08:07:37', '2020-05-17 08:07:37', '999999.99', '003648068', '1970-01-01', 0, 0, NULL, NULL),
(103, NULL, 1, 'DHAKA METRO-TAW-16-4706', '6481994', '1970-01-01', '26963', '1970-01-01', '2020-05-17 08:14:20', '2020-05-17 08:14:20', '999999.99', '003649434', '1970-01-01', 0, 0, NULL, NULL),
(104, NULL, 1, 'DHAKA METRO-TAW-16-4707', '6481995', '1970-01-01', '26964', '1970-01-01', '2020-05-17 08:19:06', '2020-05-17 08:19:06', '999999.99', '003649435', '1970-01-01', 0, 0, NULL, NULL),
(105, NULL, 1, 'DHAKA METRO-TAW-16-4708', '6481996', '1970-01-01', '26965', '1970-01-01', '2020-05-17 08:23:39', '2020-05-17 08:23:39', '999999.99', '003649436', '1970-01-01', 0, 0, NULL, NULL),
(106, NULL, 1, 'DHAKA METRO-TAW-16-4709', '6481997', '1970-01-01', '26966', '1970-01-01', '2020-05-17 08:36:36', '2020-05-17 08:36:36', '999999.99', '003649437', '1970-01-01', 0, 0, NULL, NULL),
(107, NULL, 1, 'DHAKA METRO-TAW-16-4710', '6481998', '1970-01-01', '26967', '1970-01-01', '2020-05-17 08:41:36', '2020-05-17 08:41:36', '999999.99', '003649438', '1970-01-01', 0, 0, NULL, NULL),
(108, NULL, 1, 'DHAKA METRO-TAW-16-4711', '6481999', '1970-01-01', '26963', '1970-01-01', '2020-05-17 08:49:15', '2020-05-17 08:49:15', '999999.99', '003649439', '1970-01-01', 0, 0, NULL, NULL),
(109, NULL, 1, 'DHAKA METRO-TAW-16-4712', '6482000', '1970-01-01', '26963', '1970-01-01', '2020-05-17 08:54:53', '2020-05-17 08:54:53', '999999.99', '003649440', '1970-01-01', 0, 0, NULL, NULL),
(110, NULL, 1, 'DHAKA METRO-TAW-16-4715', '6475981', '1970-01-01', '26971', '1970-01-01', '2020-05-17 09:00:48', '2020-05-17 09:00:48', '999999.99', '003649710', '1970-01-01', 0, 0, NULL, NULL),
(111, NULL, 1, 'DHAKA METRO-TAW-16-4733', '6474150', '1970-01-01', '27038', '1970-01-01', '2020-05-17 09:09:07', '2020-05-17 09:09:07', '999999.99', '003649710', '1970-01-01', 0, 0, NULL, NULL),
(112, NULL, 1, 'DHAKA METRO-TAW-16-4734', '6474151', '1970-01-01', '27039', '1970-01-01', '2020-05-17 09:13:23', '2020-05-17 09:13:23', '999999.99', '003649441', '1970-01-01', 0, 0, NULL, NULL);

-- --------------------------------------------------------

--
-- Table structure for table `vehicle_details`
--

CREATE TABLE `vehicle_details` (
  `id` bigint(20) UNSIGNED NOT NULL,
  `vehicle_id` bigint(20) NOT NULL,
  `registration_img` varchar(255) COLLATE utf8_unicode_ci DEFAULT NULL,
  `fitness_img` varchar(255) COLLATE utf8_unicode_ci DEFAULT NULL,
  `tax_img` varchar(255) COLLATE utf8_unicode_ci DEFAULT NULL,
  `insurance_img` varchar(255) COLLATE utf8_unicode_ci DEFAULT NULL,
  `created_at` timestamp NULL DEFAULT NULL,
  `updated_at` timestamp NULL DEFAULT NULL,
  `route_permit_img` varchar(255) COLLATE utf8_unicode_ci DEFAULT NULL
) ENGINE=InnoDB DEFAULT CHARSET=utf8 COLLATE=utf8_unicode_ci;

--
-- Dumping data for table `vehicle_details`
--

INSERT INTO `vehicle_details` (`id`, `vehicle_id`, `registration_img`, `fitness_img`, `tax_img`, `insurance_img`, `created_at`, `updated_at`, `route_permit_img`) VALUES
(2, 4, 'registration/REG_4.jpg', 'fitness/FIT_4.jpg', 'tax/TAX_4.jpg', 'insurance/INS_4.jpg', '2020-03-16 06:09:31', '2020-07-22 00:36:16', 'route/ROUTE_4.jpg'),
(3, 5, 'registration/REG_5.jpg', 'fitness/FIT_5.jpg', 'tax/TAX_5.jpg', 'insurance/INS_5.jpg', '2020-03-16 06:39:33', '2020-03-16 06:39:33', NULL),
(4, 6, 'registration/REG_6.jpg', 'fitness/FIT_6.jpg', 'tax/TAX_6.jpg', 'insurance/INS_6.jpg', '2020-03-16 08:46:26', '2020-03-16 08:46:26', NULL),
(5, 7, 'registration/REG_7.jpg', 'fitness/FIT_7.jpg', 'tax/TAX_7.jpg', 'insurance/INS_7.jpg', '2020-03-16 09:23:34', '2020-03-16 09:23:34', NULL),
(6, 8, 'registration/REG_8.jpg', 'fitness/FIT_8.jpg', 'tax/TAX_8.jpg', 'insurance/INS_8.jpg', '2020-03-28 07:16:29', '2020-03-28 07:16:29', NULL),
(7, 9, 'registration/REG_9.jpg', 'fitness/FIT_9.jpg', 'tax/TAX_9.jpg', 'insurance/INS_9.jpg', '2020-05-11 22:07:05', '2020-05-11 22:07:05', NULL),
(8, 10, 'registration/REG_10.jpg', 'fitness/FIT_10.jpg', 'tax/TAX_10.jpg', 'insurance/INS_10.jpg', '2020-05-11 22:13:33', '2020-05-11 22:13:33', NULL),
(9, 11, 'registration/REG_11.jpg', 'fitness/FIT_11.jpg', 'tax/TAX_11.jpg', 'insurance/INS_11.jpg', '2020-05-11 22:19:27', '2020-05-11 22:19:27', NULL),
(10, 12, 'registration/REG_12.jpg', 'fitness/FIT_12.jpg', 'tax/TAX_12.jpg', 'insurance/INS_12.jpg', '2020-05-11 22:29:45', '2020-05-11 22:29:45', NULL),
(11, 13, 'registration/REG_13.jpg', 'fitness/FIT_13.jpg', 'tax/TAX_13.jpg', 'insurance/INS_13.jpg', '2020-05-11 22:35:10', '2020-05-11 22:35:10', NULL),
(12, 14, 'registration/REG_14.jpg', 'fitness/FIT_14.jpg', 'tax/TAX_14.jpg', 'insurance/INS_14.jpg', '2020-05-11 22:40:39', '2020-05-11 22:40:39', NULL),
(13, 15, 'registration/REG_15.jpg', 'fitness/FIT_15.jpg', 'tax/TAX_15.jpg', 'insurance/INS_15.jpg', '2020-05-11 22:46:00', '2020-05-11 22:46:00', NULL),
(14, 16, 'registration/REG_16.jpg', 'fitness/FIT_16.jpg', 'tax/TAX_16.jpg', 'insurance/INS_16.jpg', '2020-05-11 23:07:43', '2020-05-11 23:07:43', NULL),
(15, 17, 'registration/REG_17.jpg', 'fitness/FIT_17.jpg', 'tax/TAX_17.jpg', 'insurance/INS_17.jpg', '2020-05-11 23:14:42', '2020-05-11 23:14:42', NULL),
(16, 18, 'registration/REG_18.jpg', 'fitness/FIT_18.jpg', 'tax/TAX_18.jpg', 'insurance/INS_18.jpg', '2020-05-11 23:21:47', '2020-05-11 23:21:47', NULL),
(17, 19, 'registration/REG_19.jpg', 'fitness/FIT_19.jpg', 'tax/TAX_19.jpg', 'insurance/INS_19.jpg', '2020-05-11 23:26:36', '2020-05-11 23:26:36', NULL),
(18, 20, 'registration/REG_20.jpg', 'fitness/FIT_20.jpg', 'tax/TAX_20.jpg', 'insurance/INS_20.jpg', '2020-05-11 23:34:21', '2020-05-11 23:34:21', NULL),
(19, 21, 'registration/REG_21.jpg', 'fitness/FIT_21.jpg', 'tax/TAX_21.jpg', 'insurance/INS_21.jpg', '2020-05-11 23:41:16', '2020-05-11 23:41:16', NULL),
(20, 22, 'registration/REG_22.jpg', 'fitness/FIT_22.jpg', 'tax/TAX_22.jpg', 'insurance/INS_22.jpg', '2020-05-11 23:48:39', '2020-05-11 23:48:39', NULL),
(21, 23, 'registration/REG_23.jpg', 'fitness/FIT_23.jpg', 'tax/TAX_23.jpg', 'insurance/INS_23.jpg', '2020-05-13 08:12:05', '2020-05-13 08:12:05', NULL),
(22, 24, 'registration/REG_24.jpg', 'fitness/FIT_24.jpg', 'tax/TAX_24.jpg', 'insurance/INS_24.jpg', '2020-05-13 08:16:38', '2020-05-13 08:16:38', NULL),
(23, 25, 'registration/REG_25.jpg', 'fitness/FIT_25.jpg', 'tax/TAX_25.jpg', 'insurance/INS_25.jpg', '2020-05-13 08:27:59', '2020-05-13 08:27:59', NULL),
(24, 26, 'registration/REG_26.jpg', 'fitness/FIT_26.jpg', 'tax/TAX_26.jpg', 'insurance/INS_26.jpg', '2020-05-13 08:32:43', '2020-05-13 08:32:43', NULL),
(25, 27, 'registration/REG_27.jpg', 'fitness/FIT_27.jpg', 'tax/TAX_27.jpg', 'insurance/INS_27.jpg', '2020-05-14 01:36:48', '2020-05-14 01:36:48', NULL),
(26, 28, 'registration/REG_28.jpg', 'fitness/FIT_28.jpg', 'tax/TAX_28.jpg', 'insurance/INS_28.jpg', '2020-05-14 01:42:42', '2020-05-14 01:42:42', NULL),
(27, 29, 'registration/REG_29.jpg', 'fitness/FIT_29.jpg', 'tax/TAX_29.jpg', 'insurance/INS_29.jpg', '2020-05-14 01:49:33', '2020-05-14 01:49:33', NULL),
(28, 30, 'registration/REG_30.jpg', 'fitness/FIT_30.jpg', 'tax/TAX_30.jpg', 'insurance/INS_30.jpg', '2020-05-14 01:54:16', '2020-05-14 01:54:16', NULL),
(29, 31, 'registration/REG_31.jpg', 'fitness/FIT_31.jpg', 'tax/TAX_31.jpg', 'insurance/INS_31.jpg', '2020-05-14 07:50:06', '2020-05-14 07:50:06', NULL),
(30, 32, 'registration/REG_32.jpg', 'fitness/FIT_32.jpg', 'tax/TAX_32.jpg', 'insurance/INS_32.jpg', '2020-05-14 07:54:07', '2020-05-14 07:54:07', NULL),
(31, 33, 'registration/REG_33.jpg', 'fitness/FIT_33.jpg', 'tax/TAX_33.jpg', 'insurance/INS_33.jpg', '2020-05-14 07:58:19', '2020-05-14 07:58:19', NULL),
(32, 34, 'registration/REG_34.jpg', 'fitness/FIT_34.jpg', 'tax/TAX_34.jpg', 'insurance/INS_34.jpg', '2020-05-14 08:13:23', '2020-05-14 08:13:23', NULL),
(33, 35, 'registration/REG_35.jpg', 'fitness/FIT_35.jpg', 'tax/TAX_35.jpg', 'insurance/INS_35.jpg', '2020-05-14 08:17:35', '2020-05-14 08:17:35', NULL),
(34, 36, 'registration/REG_36.jpg', 'fitness/FIT_36.jpg', 'tax/TAX_36.jpg', 'insurance/INS_36.jpg', '2020-05-14 08:22:18', '2020-05-14 08:22:18', NULL),
(35, 37, 'registration/REG_37.jpg', 'fitness/FIT_37.jpg', 'tax/TAX_37.jpg', 'insurance/INS_37.jpg', '2020-05-14 08:27:24', '2020-05-14 08:27:24', NULL),
(36, 38, 'registration/REG_38.jpg', 'fitness/FIT_38.jpg', 'tax/TAX_38.jpg', 'insurance/INS_38.jpg', '2020-05-14 08:31:29', '2020-05-14 08:31:29', NULL),
(37, 39, 'registration/REG_39.jpg', 'fitness/FIT_39.jpg', 'tax/TAX_39.jpg', 'insurance/INS_39.jpg', '2020-05-14 08:35:31', '2020-05-14 08:35:31', NULL),
(38, 40, 'registration/REG_40.jpg', 'fitness/FIT_40.jpg', 'tax/TAX_40.jpg', 'insurance/INS_40.jpg', '2020-05-14 08:43:00', '2020-05-14 08:43:00', NULL),
(39, 41, 'registration/REG_41.jpg', 'fitness/FIT_41.jpg', 'tax/TAX_41.jpg', 'insurance/INS_41.jpg', '2020-05-14 21:15:36', '2020-05-14 21:15:36', NULL),
(40, 42, 'registration/REG_42.jpg', 'fitness/FIT_42.jpg', 'tax/TAX_42.jpg', 'insurance/INS_42.jpg', '2020-05-14 21:20:03', '2020-05-14 21:20:03', NULL),
(41, 43, 'registration/REG_43.jpg', 'fitness/FIT_43.jpg', 'tax/TAX_43.jpg', 'insurance/INS_43.jpg', '2020-05-14 21:24:10', '2020-05-14 21:24:10', NULL),
(42, 44, 'registration/REG_44.jpg', 'fitness/FIT_44.jpg', 'tax/TAX_44.jpg', 'insurance/INS_44.jpg', '2020-05-14 21:36:07', '2020-05-14 21:36:07', NULL),
(43, 45, 'registration/REG_45.jpg', 'fitness/FIT_45.jpg', 'tax/TAX_45.jpg', 'insurance/INS_45.jpg', '2020-05-14 21:45:53', '2020-05-14 21:45:53', NULL),
(44, 46, 'registration/REG_46.jpg', 'fitness/FIT_46.jpg', 'tax/TAX_46.jpg', 'insurance/INS_46.jpg', '2020-05-14 21:54:17', '2020-05-14 21:54:17', NULL),
(45, 47, 'registration/REG_47.jpg', 'fitness/FIT_47.jpg', 'tax/TAX_47.jpg', 'insurance/INS_47.jpg', '2020-05-14 22:32:02', '2020-05-14 22:32:02', NULL),
(46, 48, 'registration/REG_48.jpg', 'fitness/FIT_48.jpg', 'tax/TAX_48.jpg', 'insurance/INS_48.jpg', '2020-05-14 22:45:05', '2020-05-14 22:45:05', NULL),
(47, 49, 'registration/REG_49.jpg', 'fitness/FIT_49.jpg', 'tax/TAX_49.jpg', 'insurance/INS_49.jpg', '2020-05-15 07:43:02', '2020-05-15 07:43:02', NULL),
(48, 50, 'registration/REG_50.jpg', 'fitness/FIT_50.jpg', 'tax/TAX_50.jpg', 'insurance/INS_50.jpg', '2020-05-15 07:51:28', '2020-05-15 07:51:28', NULL),
(49, 51, 'registration/REG_51.jpg', 'fitness/FIT_51.jpg', 'tax/TAX_51.jpg', 'insurance/INS_51.jpg', '2020-05-15 07:57:55', '2020-05-15 07:57:55', NULL),
(50, 52, 'registration/REG_52.jpg', 'fitness/FIT_52.jpg', 'tax/TAX_52.jpg', 'insurance/INS_52.jpg', '2020-05-15 08:04:39', '2020-05-15 08:04:39', NULL),
(51, 53, 'registration/REG_53.jpg', 'fitness/FIT_53.jpg', 'tax/TAX_53.jpg', 'insurance/INS_53.jpg', '2020-05-15 08:11:12', '2020-05-15 08:11:12', NULL),
(52, 54, 'registration/REG_54.jpg', 'fitness/FIT_54.jpg', 'tax/TAX_54.jpg', 'insurance/INS_54.jpg', '2020-05-15 08:17:01', '2020-05-15 08:17:01', NULL),
(53, 55, 'registration/REG_55.jpg', 'fitness/FIT_55.jpg', 'tax/TAX_55.jpg', 'insurance/INS_55.jpg', '2020-05-15 08:28:25', '2020-05-15 08:28:25', NULL),
(54, 56, 'registration/REG_56.jpg', 'fitness/FIT_56.jpg', 'tax/TAX_56.jpg', 'insurance/INS_56.jpg', '2020-05-15 08:35:20', '2020-05-15 08:35:20', NULL),
(55, 57, 'registration/REG_57.jpg', 'fitness/FIT_57.jpg', 'tax/TAX_57.jpg', 'insurance/INS_57.jpg', '2020-05-15 08:46:22', '2020-05-15 08:46:22', NULL),
(56, 58, 'registration/REG_58.jpg', 'fitness/FIT_58.jpg', 'tax/TAX_58.jpg', 'insurance/INS_58.jpg', '2020-05-15 08:58:15', '2020-05-15 08:58:15', NULL),
(57, 59, 'registration/REG_59.jpg', 'fitness/FIT_59.jpg', 'tax/TAX_59.jpg', 'insurance/INS_59.jpg', '2020-05-15 21:45:55', '2020-05-15 21:45:55', NULL),
(58, 60, 'registration/REG_60.jpg', 'fitness/FIT_60.jpg', 'tax/TAX_60.jpg', 'insurance/INS_60.jpg', '2020-05-15 21:49:08', '2020-05-15 21:49:08', NULL),
(59, 61, 'registration/REG_61.jpg', 'fitness/FIT_61.jpg', 'tax/TAX_61.jpg', 'insurance/INS_61.jpg', '2020-05-15 21:53:01', '2020-05-15 21:53:01', NULL),
(60, 62, 'registration/REG_62.jpg', 'fitness/FIT_62.jpg', 'tax/TAX_62.jpg', 'insurance/INS_62.jpg', '2020-05-15 21:59:01', '2020-05-15 21:59:01', NULL),
(61, 63, 'registration/REG_63.jpg', 'fitness/FIT_63.jpg', 'tax/TAX_63.jpg', 'insurance/INS_63.jpg', '2020-05-15 22:04:12', '2020-05-15 22:04:12', NULL),
(62, 64, 'registration/REG_64.jpg', 'fitness/FIT_64.jpg', 'tax/TAX_64.jpg', 'insurance/INS_64.jpg', '2020-05-15 23:34:42', '2020-05-15 23:34:42', NULL),
(63, 65, 'registration/REG_65.jpg', 'fitness/FIT_65.jpg', 'tax/TAX_65.jpg', 'insurance/INS_65.jpg', '2020-05-15 23:40:18', '2020-05-15 23:40:18', NULL),
(64, 66, 'registration/REG_66.jpg', 'fitness/FIT_66.jpg', 'tax/TAX_66.jpg', 'insurance/INS_66.jpg', '2020-05-16 00:53:01', '2020-05-16 00:53:01', NULL),
(65, 67, 'registration/REG_67.jpg', 'fitness/FIT_67.jpg', 'tax/TAX_67.jpg', 'insurance/INS_67.jpg', '2020-05-16 00:58:47', '2020-05-16 00:58:47', NULL),
(66, 68, 'registration/REG_68.jpg', 'fitness/FIT_68.jpg', 'tax/TAX_68.jpg', 'insurance/INS_68.jpg', '2020-05-16 01:04:32', '2020-05-16 01:04:32', NULL),
(67, 69, 'registration/REG_69.jpg', 'fitness/FIT_69.jpg', 'tax/TAX_69.jpg', 'insurance/INS_69.jpg', '2020-05-16 01:09:48', '2020-05-16 01:09:48', NULL),
(68, 70, 'registration/REG_70.jpg', 'fitness/FIT_70.jpg', 'tax/TAX_70.jpg', 'insurance/INS_70.jpg', '2020-05-16 01:15:14', '2020-05-16 01:15:14', NULL),
(69, 71, 'registration/REG_71.jpg', 'fitness/FIT_71.jpg', 'tax/TAX_71.jpg', 'insurance/INS_71.jpg', '2020-05-16 01:21:23', '2020-05-16 01:21:23', NULL),
(70, 72, 'registration/REG_72.jpg', 'fitness/FIT_72.jpg', 'tax/TAX_72.jpg', 'insurance/INS_72.jpg', '2020-05-16 01:24:51', '2020-05-16 01:24:51', NULL),
(71, 73, 'registration/REG_73.jpg', 'fitness/FIT_73.jpg', 'tax/TAX_73.jpg', 'insurance/INS_73.jpg', '2020-05-16 01:27:46', '2020-05-16 01:27:46', NULL),
(72, 74, 'registration/REG_74.jpg', 'fitness/FIT_74.jpg', 'tax/TAX_74.jpg', 'insurance/INS_74.jpg', '2020-05-16 01:30:40', '2020-05-16 01:30:40', NULL),
(73, 75, 'registration/REG_75.jpg', 'fitness/FIT_75.jpg', 'tax/TAX_75.jpg', 'insurance/INS_75.jpg', '2020-05-16 01:33:57', '2020-05-16 01:33:57', NULL),
(74, 76, 'registration/REG_76.jpg', 'fitness/FIT_76.jpg', 'tax/TAX_76.jpg', 'insurance/INS_76.jpg', '2020-05-16 01:36:52', '2020-05-16 01:36:52', NULL),
(75, 77, 'registration/REG_77.jpg', 'fitness/FIT_77.jpg', 'tax/TAX_77.jpg', 'insurance/INS_77.jpg', '2020-05-16 01:39:50', '2020-05-16 01:39:50', NULL),
(76, 78, 'registration/REG_78.jpg', 'fitness/FIT_78.jpg', 'tax/TAX_78.jpg', 'insurance/INS_78.jpg', '2020-05-16 01:42:43', '2020-05-16 01:42:43', NULL),
(77, 79, 'registration/REG_79.jpg', 'fitness/FIT_79.jpg', 'tax/TAX_79.jpg', 'insurance/INS_79.jpg', '2020-05-16 01:45:14', '2020-05-16 01:45:14', NULL),
(78, 80, 'registration/REG_80.jpg', 'fitness/FIT_80.jpg', 'tax/TAX_80.jpg', 'insurance/INS_80.jpg', '2020-05-16 01:51:39', '2020-05-16 01:51:39', NULL),
(79, 81, 'registration/REG_81.jpg', 'fitness/FIT_81.jpg', 'tax/TAX_81.jpg', 'insurance/INS_81.jpg', '2020-05-16 08:56:36', '2020-05-16 08:56:36', NULL),
(80, 82, 'registration/REG_82.jpg', 'fitness/FIT_82.jpg', 'tax/TAX_82.jpg', 'insurance/INS_82.jpg', '2020-05-16 09:04:39', '2020-05-16 09:04:39', NULL),
(81, 83, 'registration/REG_83.jpg', 'fitness/FIT_83.jpg', 'tax/TAX_83.jpg', 'insurance/INS_83.jpg', '2020-05-16 09:10:08', '2020-05-16 09:10:08', NULL),
(82, 84, 'registration/REG_84.jpg', 'fitness/FIT_84.jpg', 'tax/TAX_84.jpg', 'insurance/INS_84.jpg', '2020-05-16 09:14:41', '2020-05-16 09:14:41', NULL),
(83, 85, 'registration/REG_85.jpg', 'fitness/FIT_85.jpg', 'tax/TAX_85.jpg', 'insurance/INS_85.jpg', '2020-05-16 09:20:20', '2020-05-16 09:20:20', NULL),
(84, 86, 'registration/REG_86.jpg', 'fitness/FIT_86.jpg', 'tax/TAX_86.jpg', 'insurance/INS_86.jpg', '2020-05-16 21:46:12', '2020-05-16 21:46:12', NULL),
(85, 87, 'registration/REG_87.jpg', 'fitness/FIT_87.jpg', 'tax/TAX_87.jpg', 'insurance/INS_87.jpg', '2020-05-16 21:50:35', '2020-05-16 21:50:35', NULL),
(86, 88, 'registration/REG_88.jpg', 'fitness/FIT_88.jpg', 'tax/TAX_88.jpg', 'insurance/INS_88.jpg', '2020-05-16 21:56:10', '2020-05-16 21:56:10', NULL),
(87, 89, 'registration/REG_89.jpg', 'fitness/FIT_89.jpg', 'tax/TAX_89.jpg', 'insurance/INS_89.jpg', '2020-05-16 22:10:45', '2020-05-16 22:10:45', NULL),
(88, 90, 'registration/REG_90.jpg', 'fitness/FIT_90.jpg', 'tax/TAX_90.jpg', 'insurance/INS_90.jpg', '2020-05-16 22:15:50', '2020-05-16 22:15:50', NULL),
(89, 91, 'registration/REG_91.jpg', 'fitness/FIT_91.jpg', 'tax/TAX_91.jpg', 'insurance/INS_91.jpg', '2020-05-16 22:25:09', '2020-05-16 22:25:09', NULL),
(90, 92, 'registration/REG_92.jpg', 'fitness/FIT_92.jpg', 'tax/TAX_92.jpg', 'insurance/INS_92.jpg', '2020-05-16 22:30:09', '2020-05-16 22:30:09', NULL),
(91, 93, 'registration/REG_93.jpg', 'fitness/FIT_93.jpg', 'tax/TAX_93.jpg', 'insurance/INS_93.jpg', '2020-05-16 22:34:47', '2020-05-16 22:34:47', NULL),
(92, 94, 'registration/REG_94.jpg', 'fitness/FIT_94.jpg', 'tax/TAX_94.jpg', 'insurance/INS_94.jpg', '2020-05-17 00:41:23', '2020-05-17 00:41:23', NULL),
(93, 95, 'registration/REG_95.jpg', 'fitness/FIT_95.jpg', 'tax/TAX_95.jpg', 'insurance/INS_95.jpg', '2020-05-17 00:46:50', '2020-05-17 00:46:50', NULL),
(94, 96, 'registration/REG_96.jpg', 'fitness/FIT_96.jpg', 'tax/TAX_96.jpg', 'insurance/INS_96.jpg', '2020-05-17 00:55:47', '2020-05-17 00:55:47', NULL),
(95, 97, 'registration/REG_97.jpg', 'fitness/FIT_97.jpg', 'tax/TAX_97.jpg', 'insurance/INS_97.jpg', '2020-05-17 01:02:13', '2020-05-17 01:02:13', NULL),
(96, 98, 'registration/REG_98.jpg', 'fitness/FIT_98.jpg', 'tax/TAX_98.jpg', 'insurance/INS_98.jpg', '2020-05-17 01:11:20', '2020-05-17 01:11:20', NULL),
(97, 99, 'registration/REG_99.jpg', 'fitness/FIT_99.jpg', 'tax/TAX_99.jpg', 'insurance/INS_99.jpg', '2020-05-17 01:13:36', '2020-05-17 01:13:36', NULL),
(98, 100, 'registration/REG_100.jpg', 'fitness/FIT_100.jpg', 'tax/TAX_100.jpg', 'insurance/INS_100.jpg', '2020-05-17 01:15:52', '2020-05-17 01:15:52', NULL),
(99, 101, 'registration/REG_101.jpg', 'fitness/FIT_101.jpg', 'tax/TAX_101.jpg', 'insurance/INS_101.jpg', '2020-05-17 08:02:40', '2020-05-17 08:02:40', NULL),
(100, 102, 'registration/REG_102.jpg', 'fitness/FIT_102.jpg', 'tax/TAX_102.jpg', 'insurance/INS_102.jpg', '2020-05-17 08:07:37', '2020-05-17 08:07:37', NULL),
(101, 103, 'registration/REG_103.jpg', 'fitness/FIT_103.jpg', 'tax/TAX_103.jpg', 'insurance/INS_103.jpg', '2020-05-17 08:14:20', '2020-05-17 08:14:20', NULL),
(102, 104, 'registration/REG_104.jpg', 'fitness/FIT_104.jpg', 'tax/TAX_104.jpg', 'insurance/INS_104.jpg', '2020-05-17 08:19:06', '2020-05-17 08:19:06', NULL),
(103, 105, 'registration/REG_105.jpg', 'fitness/FIT_105.jpg', 'tax/TAX_105.jpg', 'insurance/INS_105.jpg', '2020-05-17 08:23:39', '2020-05-17 08:23:39', NULL),
(104, 106, 'registration/REG_106.jpg', 'fitness/FIT_106.jpg', 'tax/TAX_106.jpg', 'insurance/INS_106.jpg', '2020-05-17 08:36:36', '2020-05-17 08:36:36', NULL),
(105, 107, 'registration/REG_107.jpg', 'fitness/FIT_107.jpg', 'tax/TAX_107.jpg', 'insurance/INS_107.jpg', '2020-05-17 08:41:36', '2020-05-17 08:41:36', NULL),
(106, 108, 'registration/REG_108.jpg', 'fitness/FIT_108.jpg', 'tax/TAX_108.jpg', 'insurance/INS_108.jpg', '2020-05-17 08:49:15', '2020-05-17 08:49:15', NULL),
(107, 109, 'registration/REG_109.jpg', 'fitness/FIT_109.jpg', 'tax/TAX_109.jpg', 'insurance/INS_109.jpg', '2020-05-17 08:54:53', '2020-05-17 08:54:53', NULL),
(108, 110, 'registration/REG_110.jpg', 'fitness/FIT_110.jpg', 'tax/TAX_110.jpg', 'insurance/INS_110.jpg', '2020-05-17 09:00:48', '2020-05-17 09:00:48', NULL),
(109, 111, 'registration/REG_111.jpg', 'fitness/FIT_111.jpg', 'tax/TAX_111.jpg', 'insurance/INS_111.jpg', '2020-05-17 09:09:07', '2020-05-17 09:09:07', NULL),
(110, 112, 'registration/REG_112.jpg', 'fitness/FIT_112.jpg', 'tax/TAX_112.jpg', 'insurance/INS_112.jpg', '2020-05-17 09:13:23', '2020-05-17 09:13:23', NULL);

--
-- Indexes for dumped tables
--

--
-- Indexes for table `categories`
--
ALTER TABLE `categories`
  ADD PRIMARY KEY (`id`);

--
-- Indexes for table `customer_details`
--
ALTER TABLE `customer_details`
  ADD PRIMARY KEY (`id`);

--
-- Indexes for table `damages`
--
ALTER TABLE `damages`
  ADD PRIMARY KEY (`id`);

--
-- Indexes for table `drivers`
--
ALTER TABLE `drivers`
  ADD PRIMARY KEY (`id`);

--
-- Indexes for table `driver_photos`
--
ALTER TABLE `driver_photos`
  ADD PRIMARY KEY (`id`);

--
-- Indexes for table `failed_jobs`
--
ALTER TABLE `failed_jobs`
  ADD PRIMARY KEY (`id`);

--
-- Indexes for table `incidents`
--
ALTER TABLE `incidents`
  ADD PRIMARY KEY (`id`);

--
-- Indexes for table `inventory_transactions`
--
ALTER TABLE `inventory_transactions`
  ADD PRIMARY KEY (`id`);

--
-- Indexes for table `loans`
--
ALTER TABLE `loans`
  ADD PRIMARY KEY (`id`);

--
-- Indexes for table `migrations`
--
ALTER TABLE `migrations`
  ADD PRIMARY KEY (`id`);

--
-- Indexes for table `model_has_permissions`
--
ALTER TABLE `model_has_permissions`
  ADD PRIMARY KEY (`permission_id`,`model_id`,`model_type`),
  ADD KEY `model_has_permissions_model_id_model_type_index` (`model_id`,`model_type`);

--
-- Indexes for table `model_has_roles`
--
ALTER TABLE `model_has_roles`
  ADD PRIMARY KEY (`role_id`,`model_id`,`model_type`),
  ADD KEY `model_has_roles_model_id_model_type_index` (`model_id`,`model_type`);

--
-- Indexes for table `owners`
--
ALTER TABLE `owners`
  ADD PRIMARY KEY (`id`);

--
-- Indexes for table `password_resets`
--
ALTER TABLE `password_resets`
  ADD KEY `password_resets_email_index` (`email`);

--
-- Indexes for table `permissions`
--
ALTER TABLE `permissions`
  ADD PRIMARY KEY (`id`);

--
-- Indexes for table `purchase_details`
--
ALTER TABLE `purchase_details`
  ADD PRIMARY KEY (`id`);

--
-- Indexes for table `purchase_product_lists`
--
ALTER TABLE `purchase_product_lists`
  ADD PRIMARY KEY (`purchase_product_id`);

--
-- Indexes for table `rents`
--
ALTER TABLE `rents`
  ADD PRIMARY KEY (`id`);

--
-- Indexes for table `roles`
--
ALTER TABLE `roles`
  ADD PRIMARY KEY (`id`);

--
-- Indexes for table `role_has_permissions`
--
ALTER TABLE `role_has_permissions`
  ADD PRIMARY KEY (`permission_id`,`role_id`),
  ADD KEY `role_has_permissions_role_id_foreign` (`role_id`);

--
-- Indexes for table `sales_details`
--
ALTER TABLE `sales_details`
  ADD PRIMARY KEY (`id`);

--
-- Indexes for table `sales_product_lists`
--
ALTER TABLE `sales_product_lists`
  ADD PRIMARY KEY (`sales_product_id`);

--
-- Indexes for table `stock_details`
--
ALTER TABLE `stock_details`
  ADD PRIMARY KEY (`id`);

--
-- Indexes for table `stock_sales`
--
ALTER TABLE `stock_sales`
  ADD PRIMARY KEY (`id`);

--
-- Indexes for table `stock_units_details`
--
ALTER TABLE `stock_units_details`
  ADD PRIMARY KEY (`id`);

--
-- Indexes for table `suppliers`
--
ALTER TABLE `suppliers`
  ADD PRIMARY KEY (`id`);

--
-- Indexes for table `transactions`
--
ALTER TABLE `transactions`
  ADD PRIMARY KEY (`id`);

--
-- Indexes for table `users`
--
ALTER TABLE `users`
  ADD PRIMARY KEY (`id`),
  ADD UNIQUE KEY `users_email_unique` (`email`);

--
-- Indexes for table `vehicles`
--
ALTER TABLE `vehicles`
  ADD PRIMARY KEY (`id`);

--
-- Indexes for table `vehicle_details`
--
ALTER TABLE `vehicle_details`
  ADD PRIMARY KEY (`id`);

--
-- AUTO_INCREMENT for dumped tables
--

--
-- AUTO_INCREMENT for table `categories`
--
ALTER TABLE `categories`
  MODIFY `id` bigint(20) UNSIGNED NOT NULL AUTO_INCREMENT, AUTO_INCREMENT=103;

--
-- AUTO_INCREMENT for table `customer_details`
--
ALTER TABLE `customer_details`
  MODIFY `id` bigint(20) UNSIGNED NOT NULL AUTO_INCREMENT, AUTO_INCREMENT=7;

--
-- AUTO_INCREMENT for table `damages`
--
ALTER TABLE `damages`
  MODIFY `id` bigint(20) UNSIGNED NOT NULL AUTO_INCREMENT, AUTO_INCREMENT=13;

--
-- AUTO_INCREMENT for table `drivers`
--
ALTER TABLE `drivers`
  MODIFY `id` bigint(20) UNSIGNED NOT NULL AUTO_INCREMENT, AUTO_INCREMENT=168;

--
-- AUTO_INCREMENT for table `driver_photos`
--
ALTER TABLE `driver_photos`
  MODIFY `id` bigint(20) UNSIGNED NOT NULL AUTO_INCREMENT, AUTO_INCREMENT=162;

--
-- AUTO_INCREMENT for table `failed_jobs`
--
ALTER TABLE `failed_jobs`
  MODIFY `id` bigint(20) UNSIGNED NOT NULL AUTO_INCREMENT;

--
-- AUTO_INCREMENT for table `incidents`
--
ALTER TABLE `incidents`
  MODIFY `id` bigint(20) UNSIGNED NOT NULL AUTO_INCREMENT, AUTO_INCREMENT=5;

--
-- AUTO_INCREMENT for table `inventory_transactions`
--
ALTER TABLE `inventory_transactions`
  MODIFY `id` bigint(20) UNSIGNED NOT NULL AUTO_INCREMENT, AUTO_INCREMENT=15;

--
-- AUTO_INCREMENT for table `loans`
--
ALTER TABLE `loans`
  MODIFY `id` bigint(20) UNSIGNED NOT NULL AUTO_INCREMENT, AUTO_INCREMENT=6;

--
-- AUTO_INCREMENT for table `migrations`
--
ALTER TABLE `migrations`
  MODIFY `id` int(10) UNSIGNED NOT NULL AUTO_INCREMENT, AUTO_INCREMENT=66;

--
-- AUTO_INCREMENT for table `owners`
--
ALTER TABLE `owners`
  MODIFY `id` bigint(20) UNSIGNED NOT NULL AUTO_INCREMENT, AUTO_INCREMENT=2;

--
-- AUTO_INCREMENT for table `permissions`
--
ALTER TABLE `permissions`
  MODIFY `id` bigint(20) UNSIGNED NOT NULL AUTO_INCREMENT, AUTO_INCREMENT=9;

--
-- AUTO_INCREMENT for table `purchase_details`
--
ALTER TABLE `purchase_details`
  MODIFY `id` bigint(20) UNSIGNED NOT NULL AUTO_INCREMENT, AUTO_INCREMENT=15;

--
-- AUTO_INCREMENT for table `purchase_product_lists`
--
ALTER TABLE `purchase_product_lists`
  MODIFY `purchase_product_id` bigint(20) UNSIGNED NOT NULL AUTO_INCREMENT, AUTO_INCREMENT=13;

--
-- AUTO_INCREMENT for table `rents`
--
ALTER TABLE `rents`
  MODIFY `id` bigint(20) UNSIGNED NOT NULL AUTO_INCREMENT, AUTO_INCREMENT=27;

--
-- AUTO_INCREMENT for table `roles`
--
ALTER TABLE `roles`
  MODIFY `id` bigint(20) UNSIGNED NOT NULL AUTO_INCREMENT, AUTO_INCREMENT=3;

--
-- AUTO_INCREMENT for table `sales_details`
--
ALTER TABLE `sales_details`
  MODIFY `id` bigint(20) UNSIGNED NOT NULL AUTO_INCREMENT, AUTO_INCREMENT=35;

--
-- AUTO_INCREMENT for table `sales_product_lists`
--
ALTER TABLE `sales_product_lists`
  MODIFY `sales_product_id` bigint(20) UNSIGNED NOT NULL AUTO_INCREMENT, AUTO_INCREMENT=27;

--
-- AUTO_INCREMENT for table `stock_details`
--
ALTER TABLE `stock_details`
  MODIFY `id` bigint(20) UNSIGNED NOT NULL AUTO_INCREMENT, AUTO_INCREMENT=236;

--
-- AUTO_INCREMENT for table `stock_sales`
--
ALTER TABLE `stock_sales`
  MODIFY `id` bigint(20) UNSIGNED NOT NULL AUTO_INCREMENT;

--
-- AUTO_INCREMENT for table `stock_units_details`
--
ALTER TABLE `stock_units_details`
  MODIFY `id` bigint(20) UNSIGNED NOT NULL AUTO_INCREMENT, AUTO_INCREMENT=235;

--
-- AUTO_INCREMENT for table `suppliers`
--
ALTER TABLE `suppliers`
  MODIFY `id` bigint(20) UNSIGNED NOT NULL AUTO_INCREMENT, AUTO_INCREMENT=5;

--
-- AUTO_INCREMENT for table `transactions`
--
ALTER TABLE `transactions`
  MODIFY `id` bigint(20) UNSIGNED NOT NULL AUTO_INCREMENT, AUTO_INCREMENT=99;

--
-- AUTO_INCREMENT for table `users`
--
ALTER TABLE `users`
  MODIFY `id` bigint(20) UNSIGNED NOT NULL AUTO_INCREMENT, AUTO_INCREMENT=182;

--
-- AUTO_INCREMENT for table `vehicles`
--
ALTER TABLE `vehicles`
  MODIFY `id` bigint(20) UNSIGNED NOT NULL AUTO_INCREMENT, AUTO_INCREMENT=113;

--
-- AUTO_INCREMENT for table `vehicle_details`
--
ALTER TABLE `vehicle_details`
  MODIFY `id` bigint(20) UNSIGNED NOT NULL AUTO_INCREMENT, AUTO_INCREMENT=111;

--
-- Constraints for dumped tables
--

--
-- Constraints for table `model_has_permissions`
--
ALTER TABLE `model_has_permissions`
  ADD CONSTRAINT `model_has_permissions_permission_id_foreign` FOREIGN KEY (`permission_id`) REFERENCES `permissions` (`id`) ON DELETE CASCADE;

--
-- Constraints for table `model_has_roles`
--
ALTER TABLE `model_has_roles`
  ADD CONSTRAINT `model_has_roles_role_id_foreign` FOREIGN KEY (`role_id`) REFERENCES `roles` (`id`) ON DELETE CASCADE;

--
-- Constraints for table `role_has_permissions`
--
ALTER TABLE `role_has_permissions`
  ADD CONSTRAINT `role_has_permissions_permission_id_foreign` FOREIGN KEY (`permission_id`) REFERENCES `permissions` (`id`) ON DELETE CASCADE,
  ADD CONSTRAINT `role_has_permissions_role_id_foreign` FOREIGN KEY (`role_id`) REFERENCES `roles` (`id`) ON DELETE CASCADE;
COMMIT;

/*!40101 SET CHARACTER_SET_CLIENT=@OLD_CHARACTER_SET_CLIENT */;
/*!40101 SET CHARACTER_SET_RESULTS=@OLD_CHARACTER_SET_RESULTS */;
/*!40101 SET COLLATION_CONNECTION=@OLD_COLLATION_CONNECTION */;
